Year,Name,Gender,Frecuency
2023,Antonio,Male,64476
2023,David,Male,60324
2023,Javier,Male,58340
2023,Daniel,Male,54810
2023,Carlos,Male,54006
2023,Manuel,Male,52046
2023,José Luis,Male,47855
2023,Alejandro,Male,47709
2023,José,Male,42615
2023,Francisco,Male,42538
2023,Pablo,Male,42282
2023,Jesús,Male,40700
2023,Francisco Javier,Male,40371
2023,Álvaro,Male,39836
2023,Miguel Ángel,Male,39164
2023,Fernando,Male,37801
2023,Jorge,Male,37280
2023,Sergio,Male,36904
2023,Ángel,Male,36398
2023,Alberto,Male,35588
2023,Miguel,Male,33271
2023,Luis,Male,32908
2023,Juan,Male,31796
2023,José Antonio,Male,29599
2023,Pedro,Male,28363
2023,Adrián,Male,27923
2023,Diego,Male,27780
2023,Juan Carlos,Male,27057
2023,Rafael,Male,26579
2023,José María,Male,25197
2023,Raúl,Male,25168
2023,José Manuel,Male,23458
2023,Iván,Male,22628
2023,Ignacio,Male,22560
2023,Mario,Male,21818
2023,Rubén,Male,21293
2023,Enrique,Male,20728
2023,Marcos,Male,20242
2023,Oscar,Male,19986
2023,Santiago,Male,19498
2023,Jaime,Male,19496
2023,Roberto,Male,19115
2023,Eduardo,Male,19097
2023,Victor,Male,18934
2023,Gonzalo,Male,18079
2023,Juan José,Male,17214
2023,Guillermo,Male,16125
2023,Hugo,Male,15997
2023,Andrés,Male,15480
2023,Juan Antonio,Male,14990
2023,Ricardo,Male,13787
2023,Alfonso,Male,13278
2023,Nicolás,Male,13048
2023,Juan Manuel,Male,12945
2023,Julián,Male,12781
2023,Rodrigo,Male,11677
2023,Julio,Male,11625
2023,Lucas,Male,11192
2023,Gabriel,Male,10646
2023,Vicente,Male,10540
2023,Martín,Male,10366
2023,Joaquín,Male,10341
2023,Félix,Male,10249
2023,Emilio,Male,10180
2023,Tomás,Male,9771
2023,Ramón,Male,9595
2023,Héctor,Male,9427
2023,Francisco José,Male,9375
2023,Cesar,Male,9323
2023,Mateo,Male,9195
2023,Mariano,Male,9179
2023,Samuel,Male,9047
2023,Luis Miguel,Male,8305
2023,Ismael,Male,8118
2023,Agustín,Male,7787
2023,Alfredo,Male,7408
2023,Mohamed,Male,7331
2023,José Miguel,Male,6963
2023,Felipe,Male,6900
2023,José Ignacio,Male,6687
2023,José Carlos,Male,6154
2023,Aitor,Male,5955
2023,Arturo,Male,5705
2023,Borja,Male,5626
2023,Victor Manuel,Male,5626
2023,José Ramón,Male,5584
2023,Cristian,Male,5560
2023,Gregorio,Male,5539
2023,Marco,Male,5210
2023,Juan Francisco,Male,5083
2023,Jonathan,Male,5051
2023,Izan,Male,5000
2023,Iker,Male,4824
2023,Eugenio,Male,4770
2023,Sebastián,Male,4751
2023,Darío,Male,4579
2023,Aarón,Male,4508
2023,Bruno,Male,4487
2023,Ángel Luis,Male,4486
2023,José Ángel,Male,4358
2023,Juan Luis,Male,4354
2023,Salvador,Male,4300
2023,Lorenzo,Male,4271
2023,Leo,Male,4259
2023,Oliver,Male,4194
2023,Israel,Male,3975
2023,Domingo,Male,3936
2023,Juan Pablo,Male,3874
2023,Valentín,Male,3868
2023,Esteban,Male,3860
2023,José Javier,Male,3824
2023,Luis Alberto,Male,3819
2023,Alex,Male,3671
2023,Carlos Alberto,Male,3534
2023,Isaac,Male,3484
2023,Adolfo,Male,3427
2023,Christian,Male,3344
2023,Alonso,Male,3308
2023,German,Male,3185
2023,Iñigo,Male,3161
2023,José Alberto,Male,3135
2023,Enzo,Male,3116
2023,Luis Fernando,Male,3110
2023,Asier,Male,2911
2023,Ernesto,Male,2906
2023,Federico,Male,2883
2023,Juan Pedro,Male,2865
2023,Omar,Male,2845
2023,Gerardo,Male,2836
2023,Juan Ignacio,Male,2806
2023,Abel,Male,2621
2023,Mohammed,Male,2605
2023,José Francisco,Male,2597
2023,Alexander,Male,2552
2023,Juan Miguel,Male,2541
2023,Julio Cesar,Male,2538
2023,Pedro José,Male,2522
2023,Marco Antonio,Male,2491
2023,Saúl,Male,2445
2023,Matías,Male,2419
2023,Antonio José,Male,2411
2023,Ahmed,Male,2401
2023,Juan Ramón,Male,2401
2023,Gustavo,Male,2375
2023,Jesús María,Male,2340
2023,Jacobo,Male,2320
2023,Moisés,Male,2294
2023,Elías,Male,2236
2023,Adam,Male,2235
2023,Benito,Male,2199
2023,Pedro Luis,Male,2154
2023,Leonardo,Male,2112
2023,Luis Antonio,Male,2111
2023,Jorge Luis,Male,2107
2023,Joel,Male,2098
2023,Unai,Male,2079
2023,Isidro,Male,2074
2023,Luca,Male,2050
2023,Abraham,Male,2009
2023,Román,Male,1993
2023,Eloy,Male,1991
2023,Luis Manuel,Male,1990
2023,Gael,Male,1988
2023,José Enrique,Male,1961
2023,Eusebio,Male,1954
2023,Carlos Javier,Male,1938
2023,Erik,Male,1934
2023,Eric,Male,1923
2023,Pedro Antonio,Male,1909
2023,Yago,Male,1901
2023,Emiliano,Male,1893
2023,Jesús Manuel,Male,1879
2023,Marcelino,Male,1876
2023,Francisco Manuel,Male,1862
2023,Benjamín,Male,1838
2023,Santos,Male,1833
2023,Bernardo,Male,1830
2023,Justo,Male,1819
2023,Victoriano,Male,1769
2023,Jacinto,Male,1749
2023,Luis Enrique,Male,1710
2023,Aurelio,Male,1668
2023,Teodoro,Male,1655
2023,Youssef,Male,1639
2023,Máximo,Male,1631
2023,Dionisio,Male,1630
2023,Gheorghe,Male,1603
2023,Fermín,Male,1596
2023,Isidoro,Male,1579
2023,Florencio,Male,1577
2023,Cristóbal,Male,1573
2023,Said,Male,1555
2023,Armando,Male,1544
2023,José Vicente,Male,1524
2023,Carlos Manuel,Male,1521
2023,Thiago,Male,1515
2023,Vasile,Male,1500
2023,Luis Javier,Male,1458
2023,Jerónimo,Male,1450
2023,Luis Carlos,Male,1446
2023,Carmelo,Male,1439
2023,Mauro,Male,1421
2023,Pedro Pablo,Male,1412
2023,Luis Ángel,Male,1401
2023,Ian,Male,1354
2023,José David,Male,1346
2023,Kevin,Male,1342
2023,Ion,Male,1335
2023,Juan Diego,Male,1303
2023,Ioan,Male,1295
2023,Juan David,Male,1295
2023,Francisco Borja,Male,1293
2023,José Fernando,Male,1285
2023,Constantin,Male,1270
2023,Faustino,Male,1267
2023,Florentino,Male,1265
2023,Ali,Male,1261
2023,Cándido,Male,1256
2023,Ramiro,Male,1247
2023,Juan Andrés,Male,1239
2023,Juan Jesús,Male,1234
2023,José Daniel,Male,1223
2023,José Andrés,Male,1209
2023,Mauricio,Male,1199
2023,Beltrán,Male,1198
2023,Simón,Male,1196
2023,Marian,Male,1182
2023,Jesús Ángel,Male,1167
2023,Leandro,Male,1153
2023,Fabio,Male,1152
2023,Carlos Enrique,Male,1146
2023,Andrés Felipe,Male,1141
2023,Luis Eduardo,Male,1135
2023,Rachid,Male,1129
2023,Hassan,Male,1116
2023,Antonio Jesús,Male,1111
2023,Manuel Jesús,Male,1108
2023,Fernando José,Male,1107
2023,Rufino,Male,1103
2023,Mikel,Male,1099
2023,Fidel,Male,1097
2023,Saturnino,Male,1084
2023,Juan Ángel,Male,1083
2023,Claudio,Male,1078
2023,Pelayo,Male,1078
2023,Carlos José,Male,1077
2023,Roberto Carlos,Male,1071
2023,Marcelo,Male,1065
2023,Emilio José,Male,1056
2023,Dylan,Male,1053
2023,Luis Felipe,Male,1051
2023,Nicolae,Male,1050
2023,Damián,Male,1046
2023,Florín,Male,1045
2023,Pedro Manuel,Male,1043
2023,Antonio Manuel,Male,1033
2023,Josué,Male,1027
2023,Cesar Augusto,Male,1024
2023,Luis Francisco,Male,1024
2023,Luciano,Male,1015
2023,Paulino,Male,1009
2023,Luis Alfonso,Male,1003
2023,Jesús Antonio,Male,991
2023,Carlos Andrés,Male,989
2023,Francisco Antonio,Male,988
2023,Iñaki,Male,985
2023,Rayan,Male,985
2023,Carlos Eduardo,Male,978
2023,Juan Alberto,Male,976
2023,Juan María,Male,960
2023,Liam,Male,954
2023,Manuel Antonio,Male,948
2023,Amador,Male,944
2023,Gustavo Adolfo,Male,943
2023,Alexandru,Male,931
2023,Jon,Male,927
2023,Luis María,Male,920
2023,Ibrahim,Male,915
2023,Jairo,Male,915
2023,Ángel Manuel,Male,914
2023,Ayoub,Male,914
2023,Marc,Male,914
2023,Manuel Ángel,Male,911
2023,Hamza,Male,905
2023,Pascual,Male,898
2023,Juan Bautista,Male,894
2023,Mihai,Male,888
2023,Ezequiel,Male,875
2023,Blas,Male,873
2023,Rodolfo,Male,873
2023,Juan Sebastián,Male,868
2023,Yeray,Male,868
2023,Francisco Jesús,Male,866
2023,Bilal,Male,856
2023,Alberto José,Male,854
2023,José Joaquín,Male,854
2023,Ildefonso,Male,850
2023,Mustapha,Male,849
2023,Victor Hugo,Male,846
2023,Manuel Alejandro,Male,827
2023,Alan,Male,824
2023,Clemente,Male,820
2023,Alexis,Male,816
2023,Noah,Male,815
2023,José Alejandro,Male,814
2023,Basilio,Male,812
2023,Daniel Alejandro,Male,803
2023,Bosco,Male,792
2023,Fabián,Male,791
2023,Serafín,Male,788
2023,Khalid,Male,786
2023,Lucio,Male,785
2023,José Juan,Male,782
2023,Carlos Antonio,Male,777
2023,Manuel José,Male,768
2023,Jesús Alberto,Male,764
2023,Anas,Male,762
2023,Iago,Male,760
2023,Stefan,Male,760
2023,Alejandro José,Male,758
2023,León,Male,751
2023,Juan Camilo,Male,750
2023,Feliciano,Male,749
2023,Antonio Javier,Male,742
2023,Jorge Juan,Male,735
2023,Segundo,Male,732
2023,Juan Dios,Male,731
2023,Hilario,Male,728
2023,Rogelio,Male,724
2023,Anastasio,Male,723
2023,Marcial,Male,721
2023,Victor José,Male,718
2023,Hernán,Male,717
2023,Diego Fernando,Male,716
2023,Alessandro,Male,715
2023,Dumitru,Male,714
2023,Eduardo José,Male,714
2023,Hicham,Male,711
2023,Modesto,Male,711
2023,Pablo José,Male,710
2023,Noel,Male,703
2023,Francisco Asís,Male,702
2023,Amir,Male,701
2023,Cayetano,Male,700
2023,Emmanuel,Male,698
2023,Celestino,Male,693
2023,Ionel,Male,693
2023,Karim,Male,688
2023,Diego Alejandro,Male,687
2023,Francisco Miguel,Male,687
2023,Leopoldo,Male,686
2023,Néstor,Male,685
2023,Eladio,Male,684
2023,Edgar,Male,675
2023,José Pablo,Male,673
2023,Gorka,Male,669
2023,Marius,Male,667
2023,José Félix,Male,662
2023,Cecilio,Male,659
2023,Luis Alejandro,Male,657
2023,Ander,Male,655
2023,Raimundo,Male,652
2023,José Gabriel,Male,650
2023,José Gregorio,Male,650
2023,Pedro Javier,Male,650
2023,Antonio Luis,Male,649
2023,Demetrio,Male,649
2023,Oleksandr,Male,646
2023,Patricio,Male,645
2023,Constantino,Male,644
2023,Juan Vicente,Male,641
2023,Michael,Male,635
2023,Jesús Miguel,Male,625
2023,Maximiliano,Male,624
2023,Teo,Male,621
2023,Volodymyr,Male,618
2023,Juan Fernando,Male,617
2023,Carlos Daniel,Male,614
2023,Luis José,Male,614
2023,Jorge Antonio,Male,613
2023,Andrei,Male,612
2023,Avelino,Male,610
2023,Rubén Darío,Male,610
2023,Aníbal,Male,603
2023,Fernando Javier,Male,603
2023,Teófilo,Male,602
2023,Vidal,Male,602
2023,Abdeslam,Male,600
2023,Robert,Male,600
2023,Jesús Javier,Male,594
2023,Erick,Male,592
2023,Pedro Jesús,Male,592
2023,Valeriano,Male,590
2023,Pedro Miguel,Male,589
2023,Luis Alfredo,Male,582
2023,José Pedro,Male,580
2023,Miguel Antonio,Male,577
2023,Axel,Male,576
2023,Carlos Luis,Male,574
2023,Camilo,Male,572
2023,Tristán,Male,570
2023,Igor,Male,568
2023,Viorel,Male,564
2023,Jamal,Male,563
2023,Cesáreo,Male,562
2023,Jorge Enrique,Male,560
2023,Juan Enrique,Male,560
2023,Jorge Alberto,Male,559
2023,Cipriano,Male,557
2023,José Rafael,Male,556
2023,José Raúl,Male,556
2023,Luis Mariano,Male,555
2023,Luis Ignacio,Male,554
2023,Abdellah,Male,552
2023,Abdelaziz,Male,551
2023,Ionut,Male,551
2023,Carlos Miguel,Male,550
2023,Anselmo,Male,547
2023,Marino,Male,547
2023,Matteo,Male,547
2023,Ismail,Male,543
2023,Julen,Male,538
2023,Pablo Antonio,Male,537
2023,Adán,Male,532
2023,José Eduardo,Male,532
2023,Juan Gabriel,Male,529
2023,Narciso,Male,529
2023,Augusto,Male,528
2023,Orlando,Male,525
2023,Samir,Male,521
2023,Octavio,Male,518
2023,Ángel José,Male,517
2023,Juan Esteban,Male,513
2023,Richard,Male,510
2023,Ayman,Male,504
2023,Yassine,Male,503
2023,Bartolomé,Male,502
2023,Gaspar,Male,502
2023,Yoel,Male,502
2023,Jordi,Male,500
2023,Eneko,Male,498
2023,Benigno,Male,497
2023,David Alejandro,Male,497
2023,Ángel Antonio,Male,496
2023,Laureano,Male,494
2023,Noé,Male,494
2023,Vasyl,Male,492
2023,Bonifacio,Male,491
2023,Yassin,Male,490
2023,Denis,Male,485
2023,Enrique José,Male,483
2023,Paul,Male,481
2023,Antonio Miguel,Male,479
2023,José Alfonso,Male,477
2023,Alejo,Male,476
2023,Ignacio Javier,Male,473
2023,Jorge Manuel,Male,466
2023,Luis David,Male,466
2023,Bienvenido,Male,464
2023,Casimiro,Male,463
2023,Julio Alberto,Male,463
2023,Marcos Antonio,Male,463
2023,Bernardino,Male,461
2023,Zakaria,Male,461
2023,William,Male,459
2023,Jean Carlos,Male,458
2023,José Julián,Male,457
2023,Ricardo José,Male,457
2023,Adil,Male,456
2023,Rafael Antonio,Male,456
2023,Francisco Luis,Male,455
2023,Lázaro,Male,455
2023,Humberto,Male,453
2023,Aritz,Male,451
2023,Manuel Francisco,Male,451
2023,George,Male,448
2023,Mostafa,Male,448
2023,Jorge Andrés,Male,447
2023,José Ricardo,Male,447
2023,Carlos David,Male,446
2023,Eliseo,Male,445
2023,Fausto,Male,445
2023,Juan Felipe,Male,445
2023,Abderrahim,Male,444
2023,Antón,Male,443
2023,Eulogio,Male,443
2023,Virgilio,Male,439
2023,Norberto,Male,438
2023,Roque,Male,437
2023,Pedro Ángel,Male,435
2023,Álvaro José,Male,432
2023,Ignacio José,Male,430
2023,Nabil,Male,430
2023,Luis Daniel,Male,428
2023,Carlos María,Male,425
2023,José Tomás,Male,424
2023,Ángel María,Male,423
2023,Nelson,Male,422
2023,Younes,Male,422
2023,Bryan,Male,420
2023,Imran,Male,420
2023,Isaías,Male,419
2023,Tiago,Male,418
2023,Julián,Male,417
2023,Costel,Male,414
2023,Edwin,Male,413
2023,Victorino,Male,412
2023,Andriy,Male,410
2023,Carlos Fernando,Male,406
2023,Achraf,Male,405
2023,Bernabé,Male,404
2023,Pedro María,Male,404
2023,Juan Daniel,Male,403
2023,Ángel David,Male,402
2023,Evaristo,Male,400
2023,Hipólito,Male,400
2023,Diego José,Male,399
2023,Aquilino,Male,398
2023,Emanuel,Male,398
2023,Guzmán,Male,398
2023,José Emilio,Male,398
2023,Diego Andrés,Male,396
2023,José Julio,Male,395
2023,Juan Alfonso,Male,394
2023,José Jesús,Male,393
2023,Herminio,Male,391
2023,Ariel,Male,389
2023,Ares,Male,388
2023,Arsenio,Male,388
2023,Ginés,Male,387
2023,Julio Antonio,Male,385
2023,Rolando,Male,385
2023,Ángel Francisco,Male,384
2023,Carlos Jesús,Male,384
2023,Francesco,Male,384
2023,Agapito,Male,382
2023,Andrea,Male,382
2023,Jesús David,Male,382
2023,José Alfredo,Male,380
2023,Ulises,Male,379
2023,Antonio María,Male,376
2023,Julio José,Male,374
2023,Leoncio,Male,374
2023,Marín,Male,374
2023,Victorio,Male,374
2023,Gabriel Alejandro,Male,372
2023,Urbano,Male,372
2023,Driss,Male,371
2023,Vladimir,Male,371
2023,Ihor,Male,370
2023,Mykola,Male,370
2023,Telmo,Male,370
2023,Thomas,Male,370
2023,Venancio,Male,369
2023,Carlos Francisco,Male,368
2023,Conrado,Male,368
2023,Eleuterio,Male,367
2023,Luka,Male,365
2023,Luis Jesús,Male,364
2023,Baltasar,Male,362
2023,Manuel María,Male,361
2023,Santiago José,Male,361
2023,Jhon Jairo,Male,356
2023,Hamid,Male,355
2023,Sorin,Male,354
2023,Brahim,Male,352
2023,Jorge Eduardo,Male,351
2023,Florián,Male,350
2023,Celso,Male,349
2023,Higinio,Male,349
2023,Christopher,Male,348
2023,Kamal,Male,348
2023,Petru,Male,346
2023,Romeo,Male,345
2023,Dámaso,Male,344
2023,Ethan,Male,344
2023,Viktor,Male,344
2023,Adriano,Male,343
2023,Giovanni,Male,343
2023,Juan Cruz,Male,343
2023,Jesús Enrique,Male,342
2023,Javier Alejandro,Male,341
2023,Brian,Male,339
2023,Miguel Alejandro,Male,339
2023,Neizan,Male,338
2023,Victor Javier,Male,338
2023,Wilson,Male,336
2023,Justino,Male,335
2023,Ángel Gabriel,Male,333
2023,Imad,Male,333
2023,Aday,Male,332
2023,Aziz,Male,332
2023,Max,Male,332
2023,Mohammad,Male,332
2023,Primitivo,Male,332
2023,Anthony,Male,331
2023,José Domingo,Male,331
2023,Oscar Manuel,Male,331
2023,Mark,Male,329
2023,Oscar Luis,Male,328
2023,Abdelkader,Male,327
2023,Ilie,Male,327
2023,Dmytro,Male,326
2023,Honorio,Male,326
2023,Ibai,Male,326
2023,Xavier,Male,326
2023,Georgi,Male,324
2023,Maximino,Male,324
2023,Placido,Male,324
2023,Walter,Male,324
2023,Diego Armando,Male,323
2023,Julián Andrés,Male,323
2023,Mhamed,Male,323
2023,Oussama,Male,323
2023,Antolín,Male,321
2023,Antonio Francisco,Male,321
2023,Farid,Male,321
2023,Guillermo José,Male,320
2023,Rene,Male,320
2023,Ángel Jesús,Male,319
2023,Ilias,Male,319
2023,Andrés Eduardo,Male,318
2023,Nikolay,Male,318
2023,Fernando Antonio,Male,316
2023,Alfonso José,Male,315
2023,Albert,Male,314
2023,Henry,Male,314
2023,José Agustín,Male,313
2023,José Guillermo,Male,310
2023,Manuel Enrique,Male,310
2023,Tarik,Male,310
2023,Andrii,Male,309
2023,Heliodoro,Male,309
2023,Nemesio,Male,309
2023,Pablo Andrés,Male,309
2023,Daniel José,Male,307
2023,Joan,Male,305
2023,Stefano,Male,305
2023,Ignacio María,Male,304
2023,Abelardo,Male,303
2023,Jonas,Male,302
2023,Abderrahman,Male,301
2023,Ángel Javier,Male,301
2023,Braulio,Male,301
2023,Emil,Male,301
2023,Javier Antonio,Male,301
2023,Alberto Javier,Male,300
2023,John Jairo,Male,300
2023,Nizar,Male,300
2023,Carlos Arturo,Male,299
2023,Cristian David,Male,299
2023,Fouad,Male,299
2023,Dante,Male,298
2023,Oscar Javier,Male,298
2023,Abdelilah,Male,297
2023,Inocencio,Male,297
2023,Walid,Male,297
2023,Carlos Alfonso,Male,296
2023,Marcel,Male,296
2023,Sixto,Male,295
2023,Dan,Male,294
2023,Fulgencio,Male,294
2023,David José,Male,292
2023,Pablo Javier,Male,292
2023,Pedro Francisco,Male,292
2023,Baldomero,Male,291
2023,Severiano,Male,291
2023,Prudencio,Male,290
2023,Abdelkarim,Male,289
2023,Abdellatif,Male,289
2023,Aron,Male,288
2023,Daniel Antonio,Male,288
2023,Nicanor,Male,288
2023,Ventura,Male,288
2023,Aurel,Male,286
2023,Giuseppe,Male,286
2023,Luis Andrés,Male,286
2023,Sami,Male,286
2023,Anouar,Male,284
2023,Catalin,Male,284
2023,Jean Pierre,Male,284
2023,Gabino,Male,283
2023,Amín,Male,282
2023,Francisco Ramón,Male,282
2023,Jesús Francisco,Male,281
2023,José Roberto,Male,281
2023,Mathias,Male,281
2023,Luis Ramón,Male,280
2023,Rafael José,Male,280
2023,Luis Guillermo,Male,278
2023,Mounir,Male,278
2023,Mourad,Male,278
2023,Carlos Alfredo,Male,277
2023,Fernando Manuel,Male,277
2023,Oleh,Male,277
2023,Reyes,Male,277
2023,Muhammad,Male,276
2023,Victor Daniel,Male,276
2023,Ilyas,Male,274
2023,Manuel Alberto,Male,274
2023,Ceferino,Male,273
2023,Luis Vicente,Male,273
2023,Moussa,Male,273
2023,Anderson,Male,272
2023,Carlos Alejandro,Male,272
2023,Imanol,Male,271
2023,Rafael Ángel,Male,271
2023,Ángel Miguel,Male,270
2023,Cornel,Male,270
2023,Cristian Camilo,Male,270
2023,Jorge Alejandro,Male,270
2023,Miguel José,Male,270
2023,Pablo Manuel,Male,270
2023,Bogdan,Male,269
2023,Efrén,Male,269
2023,Patrick,Male,269
2023,Crescencio,Male,268
2023,Fernando Luis,Male,268
2023,Alain,Male,267
2023,Ambrosio,Male,266
2023,José Eugenio,Male,266
2023,Mamadou,Male,265
2023,Yuriy,Male,265
2023,Zacarías,Male,265
2023,Mehdi,Male,264
2023,Enrique Javier,Male,263
2023,Genaro,Male,263
2023,Jesús Carlos,Male,263
2023,Juan Martín,Male,263
2023,Pablo Luis,Male,263
2023,Aimar,Male,262
2023,Lucían,Male,261
2023,Mykhaylo,Male,261
2023,Tirso,Male,260
2023,Yahya,Male,259
2023,Francisco Alberto,Male,257
2023,Pedro Enrique,Male,257
2023,Daniel Eduardo,Male,256
2023,Marco Vinicio,Male,256
2023,Mario Alberto,Male,256
2023,Amadeo,Male,255
2023,Delfín,Male,255
2023,Jesús Ignacio,Male,255
2023,Doroteo,Male,254
2023,Mircea,Male,254
2023,Akram,Male,253
2023,Alejandro Manuel,Male,253
2023,Celedonio,Male,253
2023,Noureddine,Male,253
2023,Alejandro Javier,Male,252
2023,Antonio Carlos,Male,252
2023,Mohamed Amin,Male,251
2023,Paolo,Male,251
2023,Pau,Male,251
2023,Eduardo Antonio,Male,250
2023,Epifanio,Male,250
2023,Jorge Javier,Male,250
2023,Javier José,Male,249
2023,Michel,Male,249
2023,Amalio,Male,248
2023,Juan Javier,Male,246
2023,Ramón Antonio,Male,246
2023,Javier María,Male,245
2023,Jesús Alejandro,Male,245
2023,Ricardo Antonio,Male,245
2023,Gumersindo,Male,244
2023,Roberto José,Male,244
2023,Roger,Male,244
2023,Desiderio,Male,243
2023,Mario José,Male,243
2023,Pedro Juan,Male,243
2023,Aniceto,Male,242
2023,Jorge Miguel,Male,242
2023,Luis Gabriel,Male,242
2023,Melchor,Male,242
2023,Pavel,Male,242
2023,Victor Alfonso,Male,242
2023,Brayan,Male,241
2023,Carlos Ignacio,Male,240
2023,Timoteo,Male,240
2023,Victor Antonio,Male,240
2023,Fernando María,Male,239
2023,Xabier,Male,239
2023,Jesús Fernando,Male,237
2023,Juan Rafael,Male,237
2023,Fernando Jesús,Male,236
2023,Daniel Enrique,Male,235
2023,Steven,Male,235
2023,Yaroslav,Male,235
2023,Yerai,Male,235
2023,David Antonio,Male,234
2023,Yasser,Male,234
2023,Danut,Male,233
2023,Dimas,Male,233
2023,Ronald,Male,233
2023,Soufiane,Male,233
2023,John,Male,232
2023,Cesar Antonio,Male,231
2023,Gilberto,Male,231
2023,Horacio,Male,231
2023,Oscar David,Male,231
2023,Sergio Andrés,Male,230
2023,Bautista,Male,229
2023,Ciro,Male,229
2023,Hermenegildo,Male,229
2023,Abdelhamid,Male,228
2023,James,Male,228
2023,Javier Ignacio,Male,228
2023,Jorge Carlos,Male,228
2023,Luis Ernesto,Male,228
2023,Maksym,Male,228
2023,Manuel Fernando,Male,228
2023,Pedro Ignacio,Male,228
2023,Ovidio,Male,227
2023,Redouan,Male,227
2023,Antonio Ángel,Male,225
2023,Francisco Paula,Male,225
2023,Joseph,Male,225
2023,Benedicto,Male,224
2023,Bohdan,Male,224
2023,José Armando,Male,224
2023,Luis Gonzalo,Male,224
2023,Luis Santiago,Male,224
2023,Alfredo José,Male,223
2023,Cirilo,Male,223
2023,Daniel Andrés,Male,223
2023,Joshua,Male,223
2023,Carlos Augusto,Male,222
2023,Estanislao,Male,222
2023,Kevin Alexander,Male,221
2023,Jorge Iván,Male,220
2023,Lino,Male,220
2023,Marciano,Male,220
2023,Valentino,Male,220
2023,Wenceslao,Male,219
2023,Antonino,Male,218
2023,Mihail,Male,218
2023,Abilio,Male,217
2023,Eustaquio,Male,217
2023,Donato,Male,216
2023,Jan,Male,216
2023,Oriol,Male,216
2023,Severino,Male,216
2023,Soufian,Male,216
2023,Daniel Alberto,Male,215
2023,Liviu,Male,215
2023,Reda,Male,215
2023,Amine,Male,214
2023,Javier Enrique,Male,214
2023,Jorge Daniel,Male,214
2023,Ahmad,Male,213
2023,Alberto Manuel,Male,213
2023,Diego Antonio,Male,213
2023,José Alexander,Male,213
2023,Daniel Jesús,Male,212
2023,José Iván,Male,212
2023,Nicasio,Male,212
2023,Sergio Antonio,Male,212
2023,Abdelali,Male,211
2023,Ángelo,Male,211
2023,Jaouad,Male,211
2023,Juan Félix,Male,211
2023,Petro,Male,211
2023,Elián,Male,210
2023,Jesús José,Male,210
2023,Mimoun,Male,210
2023,Oscar Eduardo,Male,210
2023,Pablo Jesús,Male,210
2023,Sergio José,Male,210
2023,Wei,Male,210
2023,Dimitar,Male,209
2023,Francisco David,Male,209
2023,Oleg,Male,209
2023,Uriel,Male,209
2023,Juan Bosco,Male,208
2023,Ruslan,Male,208
2023,Wilfredo,Male,208
2023,Abdelmajid,Male,207
2023,Alfonso Javier,Male,206
2023,Carlos Roberto,Male,206
2023,Cristian Andrés,Male,206
2023,Manuel Ignacio,Male,206
2023,Mykhailo,Male,206
2023,Eduardo Javier,Male,205
2023,Roberto Antonio,Male,205
2023,Alberto Jesús,Male,204
2023,Carlos Rafael,Male,204
2023,Franco,Male,204
2023,Jesús Daniel,Male,204
2023,Petre,Male,204
2023,Dennis,Male,203
2023,Edison,Male,203
2023,Juan Alejandro,Male,203
2023,Lucca,Male,203
2023,Olmo,Male,203
2023,Oscar José,Male,203
2023,Otman,Male,203
2023,Pedro Alberto,Male,203
2023,Vicente Javier,Male,203
2023,Antonio David,Male,202
2023,Camilo Andrés,Male,202
2023,Harón,Male,202
2023,Héctor Manuel,Male,202
2023,Kilian,Male,202
2023,Mohamed Amine,Male,202
2023,Ricardo Andrés,Male,202
2023,Anass,Male,201
2023,Balbino,Male,201
2023,Eugen,Male,201
2023,Juan Marcos,Male,201
2023,Ciriaco,Male,200
2023,Enrique Manuel,Male,200
2023,Francisco Daniel,Male,200
2023,Jesús Eduardo,Male,200
2023,Ángel Daniel,Male,199
2023,Argimiro,Male,199
2023,Jesús Luis,Male,199
2023,Kai,Male,199
2023,Ángel Eduardo,Male,198
2023,Aureliano,Male,198
2023,Jean Paul,Male,198
2023,José Mario,Male,198
2023,Abdelhak,Male,197
2023,Alfonso Carlos,Male,197
2023,Jesús Ramón,Male,197
2023,Carlos Mario,Male,196
2023,Jeremy,Male,196
2023,Vicente José,Male,195
2023,Yassir,Male,195
2023,Andrés Mauricio,Male,194
2023,José Felipe,Male,194
2023,Naim,Male,194
2023,Victor Miguel,Male,194
2023,Ricardo Javier,Male,193
2023,Carlos Humberto,Male,192
2023,Cruz,Male,192
2023,Diego Alexander,Male,192
2023,Jonathan Alexander,Male,192
2023,Peter,Male,192
2023,José Santiago,Male,191
2023,Luis Armando,Male,191
2023,Efraín,Male,190
2023,Freddy,Male,190
2023,José Martin,Male,190
2023,Nathan,Male,190
2023,Ángel Alberto,Male,189
2023,Frank,Male,189
2023,Jaime José,Male,189
2023,Juan Guillermo,Male,189
2023,Félix Antonio,Male,188
2023,Francisco Gabriel,Male,188
2023,John Alexander,Male,188
2023,Juan Eduardo,Male,188
2023,Kevin Andrés,Male,188
2023,Millán,Male,188
2023,Oscar Antonio,Male,188
2023,Ibrahima,Male,187
2023,Julio Manuel,Male,187
2023,Sandro,Male,187
2023,Cristhian,Male,186
2023,Giancarlo,Male,186
2023,Remigio,Male,186
2023,Alejandro Antonio,Male,185
2023,Andrés Alejandro,Male,185
2023,Carlos Iván,Male,185
2023,David Manuel,Male,185
2023,Saad,Male,185
2023,Tarek,Male,185
2023,Cristino,Male,184
2023,Diego Manuel,Male,184
2023,Eulalio,Male,184
2023,José Benito,Male,184
2023,Ciprian,Male,183
2023,Javier Jesús,Male,183
2023,Jorge David,Male,183
2023,Julián David,Male,183
2023,Macario,Male,183
2023,Regino,Male,183
2023,Daniel Alexander,Male,182
2023,Reinaldo,Male,182
2023,Amancio,Male,181
2023,Andrés David,Male,181
2023,Jesús Andrés,Male,181
2023,Jorge Francisco,Male,181
2023,Juan Emilio,Male,181
2023,Lisardo,Male,181
2023,Luis Rafael,Male,181
2023,Pablo Daniel,Male,181
2023,Theo,Male,181
2023,Victor Andrés,Male,181
2023,Inocente,Male,180
2023,Lope,Male,180
2023,Manuel Luis,Male,180
2023,Youness,Male,180
2023,Edward,Male,179
2023,Héctor José,Male,179
2023,José Mariano,Male,179
2023,Laurentiu,Male,179
2023,Manuel Carlos,Male,179
2023,Antonio Ramón,Male,178
2023,Artem,Male,178
2023,Cesar Manuel,Male,178
2023,Hao,Male,178
2023,Serhiy,Male,178
2023,Abdessamad,Male,177
2023,Eduardo Manuel,Male,177
2023,Gonzalo José,Male,177
2023,Iván José,Male,177
2023,Santiago Andrés,Male,177
2023,Albino,Male,176
2023,Carlo,Male,176
2023,Krzysztof,Male,176
2023,Luis Ricardo,Male,176
2023,Lukas,Male,176
2023,Mustafá,Male,176
2023,Robinson,Male,176
2023,Brais,Male,175
2023,Flavio,Male,175
2023,Jhon Alexander,Male,175
2023,Juan Agustín,Male,175
2023,Abdelhakim,Male,174
2023,Álvaro Javier,Male,174
2023,Héctor Fabio,Male,174
2023,Markel,Male,174
2023,Oscar Alberto,Male,174
2023,Alejandro David,Male,173
2023,Danilo,Male,173
2023,David Alexander,Male,173
2023,Derek,Male,173
2023,Petrica,Male,173
2023,Rafael Jesús,Male,173
2023,Alejandro Jesús,Male,172
2023,Evelio,Male,172
2023,Rafael María,Male,172
2023,Teodor,Male,172
2023,Abdoulaye,Male,171
2023,Ángel Andrés,Male,171
2023,Calixto,Male,171
2023,Carlos Julio,Male,171
2023,Manuel Vicente,Male,171
2023,Oscar Andrés,Male,171
2023,Rafael Eduardo,Male,171
2023,Vladyslav,Male,171
2023,Álvaro Antonio,Male,170
2023,Leonardo José,Male,170
2023,Osvaldo,Male,170
2023,Eduardo Enrique,Male,169
2023,Felix Manuel,Male,169
2023,Franklin,Male,169
2023,Issam,Male,169
2023,Laurentino,Male,169
2023,Boris,Male,168
2023,Félix José,Male,168
2023,Gianluca,Male,168
2023,Pedro Alejandro,Male,168
2023,José Leonardo,Male,167
2023,Marwan,Male,167
2023,Paulo,Male,167
2023,Roi,Male,167
2023,Salim,Male,167
2023,Serhii,Male,167
2023,José Esteban,Male,166
2023,Massimo,Male,166
2023,Carlos Ramón,Male,165
2023,Diego Jesús,Male,165
2023,José Jaime,Male,165
2023,Juan Julián,Male,165
2023,Sergio Alejandro,Male,165
2023,Ubaldo,Male,165
2023,Victor Jesús,Male,165
2023,Álvaro Luis,Male,164
2023,Ángel Enrique,Male,164
2023,Javier Eduardo,Male,164
2023,Julio Enrique,Male,164
2023,Luis Emilio,Male,164
2023,Luis Gerardo,Male,164
2023,Pablo Alberto,Male,164
2023,Ricardo Manuel,Male,164
2023,Andrés Manuel,Male,163
2023,Arturo José,Male,163
2023,Bryan Alexander,Male,163
2023,Daniel Fernando,Male,163
2023,Jonathan David,Male,163
2023,José Rubén,Male,163
2023,Miguel Eduardo,Male,163
2023,Moustapha,Male,163
2023,Ángel Fernando,Male,162
2023,Francisco Andrés,Male,162
2023,Michele,Male,162
2023,Mohamed Reda,Male,162
2023,Pablo Miguel,Male,162
2023,Pedro Vicente,Male,162
2023,Victor Alejandro,Male,162
2023,Vitaliy,Male,162
2023,Andrés José,Male,161
2023,Carlos Gustavo,Male,161
2023,David Jesús,Male,161
2023,Ladislao,Male,161
2023,Sabino,Male,161
2023,Adnan,Male,160
2023,José Arturo,Male,160
2023,José Lorenzo,Male,160
2023,Porfirio,Male,160
2023,Abdelhafid,Male,159
2023,Dorel,Male,159
2023,Facundo,Male,159
2023,Sergiu,Male,159
2023,Ángel Ramón,Male,158
2023,Jaime Andrés,Male,158
2023,Manuel Eduardo,Male,158
2023,Mariano José,Male,158
2023,Neculai,Male,158
2023,Santiago Javier,Male,158
2023,Sergio Manuel,Male,158
2023,Alfonso María,Male,157
2023,Amando,Male,157
2023,Daniele,Male,157
2023,Enrique Jesús,Male,157
2023,Jie,Male,157
2023,Johan Sebastián,Male,157
2023,Jorge Armando,Male,157
2023,Maxim,Male,157
2023,Nicusor,Male,157
2023,Ángel Carlos,Male,156
2023,Francisco Rafael,Male,156
2023,Gabriel Antonio,Male,156
2023,Jefferson,Male,156
2023,Jorge José,Male,156
2023,Khalil,Male,156
2023,Pablo Alejandro,Male,156
2023,Reynaldo,Male,156
2023,Alexandro,Male,155
2023,Álvaro Jesús,Male,155
2023,Eiden,Male,155
2023,Gabriel José,Male,155
2023,Joao,Male,155
2023,Jorge Ignacio,Male,155
2023,Luis Roberto,Male,155
2023,Miguel María,Male,155
2023,Natalio,Male,155
2023,Petar,Male,155
2023,Silverio,Male,155
2023,Vitalii,Male,155
2023,Antonio Rafael,Male,154
2023,Claudiu,Male,154
2023,Guillermo Antonio,Male,154
2023,Indalecio,Male,154
2023,Javier Andrés,Male,154
2023,Pavlo,Male,154
2023,Pedro Andrés,Male,154
2023,Taras,Male,154
2023,Denys,Male,153
2023,Heriberto,Male,153
2023,Luis Arturo,Male,153
2023,Miguel Francisco,Male,153
2023,Salvatore,Male,153
2023,Davide,Male,152
2023,Diego Alberto,Male,152
2023,Fabrizio,Male,152
2023,Jesús Rafael,Male,152
2023,Juan Tomás,Male,152
2023,Olivier,Male,152
2023,Pedro Carlos,Male,152
2023,Álvaro Manuel,Male,151
2023,Eder,Male,151
2023,Francisco Carlos,Male,151
2023,Gerard,Male,151
2023,Jesús Vicente,Male,151
2023,Pol,Male,151
2023,Sebastián Andrés,Male,151
2023,Silvestre,Male,151
2023,Yasin,Male,151
2023,Daniel Felipe,Male,150
2023,Francisco Ángel,Male,150
2023,Francisco Julián,Male,150
2023,Mouad,Male,150
2023,Oscar Daniel,Male,150
2023,Plamen,Male,150
2023,Stepan,Male,150
2023,Alberto Antonio,Male,149
2023,Federico José,Male,149
2023,Galo,Male,149
2023,José Ernesto,Male,149
2023,Luis Mario,Male,149
2023,Miguel Jesús,Male,149
2023,Radu,Male,149
2023,Rafael Enrique,Male,149
2023,Alberto Carlos,Male,148
2023,Hernando,Male,148
2023,Javier Francisco,Male,148
2023,Pedro Daniel,Male,148
2023,Renato,Male,148
2023,Cristofer,Male,147
2023,Elio,Male,147
2023,Grigore,Male,147
2023,Yurii,Male,147
2023,Andy,Male,146
2023,Badr,Male,146
2023,Cosme,Male,146
2023,Cristopher,Male,146
2023,Enmanuel,Male,146
2023,Jhon Fredy,Male,146
2023,Jorge Eliecer,Male,146
2023,Mael,Male,146
2023,Olegario,Male,146
2023,Raúl Antonio,Male,146
2023,Santiago Jesús,Male,146
2023,Amado,Male,145
2023,Anwar,Male,145
2023,Cesar Luis,Male,145
2023,Emeterio,Male,145
2023,Jaime Alberto,Male,145
2023,Luigi,Male,145
2023,Luis Humberto,Male,145
2023,Marceliano,Male,145
2023,Miguel Andrés,Male,145
2023,Miguel Enrique,Male,145
2023,Sancho,Male,145
2023,Ignacio Manuel,Male,144
2023,Jaime Antonio,Male,144
2023,Mahmoud,Male,144
2023,Buenaventura,Male,143
2023,Casto,Male,143
2023,Iosif,Male,143
2023,José Jorge,Male,143
2023,José Oscar,Male,143
2023,Jun,Male,143
2023,Mohamed Ali,Male,143
2023,Ovidiu,Male,143
2023,Pablo Cesar,Male,143
2023,Felicísimo,Male,142
2023,Luis Pablo,Male,142
2023,Pablo Enrique,Male,142
2023,Alejandro Miguel,Male,141
2023,Arcadio,Male,141
2023,Eduardo Luis,Male,141
2023,Mario Antonio,Male,141
2023,Rafael Luis,Male,141
2023,Yousef,Male,141
2023,Fructuoso,Male,140
2023,Joaquín María,Male,140
2023,Manuel Ramón,Male,140
2023,Stanislav,Male,140
2023,Carlos Gabriel,Male,139
2023,Christian David,Male,139
2023,Edmundo,Male,139
2023,José Adrián,Male,139
2023,Leonel,Male,139
2023,Marlon,Male,139
2023,Milán,Male,139
2023,Fernando Miguel,Male,138
2023,José Damián,Male,138
2023,Pedro Ramón,Male,138
2023,Sebastián Alejandro,Male,138
2023,Secundino,Male,138
2023,Andrew,Male,137
2023,Antonio Enrique,Male,137
2023,Emilio Javier,Male,137
2023,Francisco Alejandro,Male,137
2023,Hristo,Male,137
2023,Miguel Luis,Male,137
2023,Rafael Alejandro,Male,137
2023,Rosendo,Male,137
2023,Nazario,Male,136
2023,Pablo Nicolás,Male,136
2023,Samuel Alejandro,Male,136
2023,Cesar Alberto,Male,135
2023,Feng,Male,135
2023,Harold,Male,135
2023,Vicente Manuel,Male,135
2023,Alexandru Gabriel,Male,134
2023,Antonio Fernando,Male,134
2023,Carlos Ernesto,Male,134
2023,Enrique Antonio,Male,134
2023,Francisco Tomás,Male,134
2023,Gianfranco,Male,134
2023,Guido,Male,134
2023,Juan Lorenzo,Male,134
2023,Mario Alejandro,Male,134
2023,Pablo Francisco,Male,134
2023,Pedro David,Male,134
2023,Carlos Felipe,Male,133
2023,Santiago Alejandro,Male,133
2023,Yael,Male,133
2023,Yi,Male,133
2023,Eduardo Andrés,Male,132
2023,Ignacio Jesús,Male,132
2023,Juan Salvador,Male,132
2023,Pietro,Male,132
2023,Piotr,Male,132
2023,Quintín,Male,132
2023,Ryan,Male,132
2023,Adrián José,Male,131
2023,Carlos Vicente,Male,131
2023,Ramón José,Male,131
2023,Salustiano,Male,131
2023,Valerio,Male,131
2023,Aldo,Male,130
2023,Fernando Enrique,Male,130
2023,Jordán,Male,130
2023,Jorge Jesús,Male,130
2023,Miguel Carlos,Male,130
2023,Oscar Jesús,Male,130
2023,Samuel David,Male,130
2023,Abdelghani,Male,129
2023,Álvaro María,Male,129
2023,Ángel Rafael,Male,129
2023,Carlos Ángel,Male,129
2023,Eduardo Jesús,Male,129
2023,Giorgi,Male,129
2023,Vincenzo,Male,129
2023,Adel,Male,128
2023,Aleksandar,Male,128
2023,Cesar Enrique,Male,128
2023,David Fernando,Male,128
2023,Dorin,Male,128
2023,Jesús Alfonso,Male,128
2023,Jorge Fernando,Male,128
2023,Luis Gonzaga,Male,128
2023,Pablo María,Male,128
2023,Ricardo Jesús,Male,128
2023,Riccardo,Male,128
2023,Santiago Manuel,Male,128
2023,Sergio Daniel,Male,128
2023,Andoni,Male,127
2023,Ángel Vicente,Male,127
2023,Arian,Male,127
2023,Castor,Male,127
2023,Cesar David,Male,127
2023,Cesar Eduardo,Male,127
2023,David Gabriel,Male,127
2023,Francisco Fernando,Male,127
2023,Joaquín Antonio,Male,127
2023,Mario Andrés,Male,127
2023,Rafael Alberto,Male,127
2023,Ruperto,Male,127
2023,Victor Raúl,Male,127
2023,Andrés Fernando,Male,126
2023,Cristian Daniel,Male,126
2023,David Andrés,Male,126
2023,Diego Javier,Male,126
2023,Fernando Andrés,Male,126
2023,Javier Manuel,Male,126
2023,Manuel Andrés,Male,126
2023,Mohamed Said,Male,126
2023,Sergio David,Male,126
2023,Brandon,Male,125
2023,Jonathan Andrés,Male,125
2023,Lahcen,Male,125
2023,Luis Gustavo,Male,125
2023,Mahdi,Male,125
2023,Manuel Javier,Male,125
2023,Matthew,Male,125
2023,Morad,Male,125
2023,Natanael,Male,125
2023,Abdelouahid,Male,124
2023,Cosmin,Male,124
2023,Cristinel,Male,124
2023,Emilio Manuel,Male,124
2023,Frutos,Male,124
2023,Jesús Gabriel,Male,124
2023,José Bernardo,Male,124
2023,Justiniano,Male,124
2023,Krasimir,Male,124
2023,Nadir,Male,124
2023,Pablo Ignacio,Male,124
2023,Rafael Carlos,Male,124
2023,Redouane,Male,124
2023,Romualdo,Male,124
2023,Aiman,Male,123
2023,Andreas,Male,123
2023,Carlos Adrián,Male,123
2023,José Victor,Male,123
2023,Juan Domingo,Male,123
2023,Luis Alexander,Male,123
2023,Maximiano,Male,123
2023,Haroun,Male,122
2023,Jesús Salvador,Male,122
2023,Rigoberto,Male,122
2023,Simone,Male,122
2023,Telesforo,Male,122
2023,Victor Luis,Male,122
2023,Aleix,Male,121
2023,Arthur,Male,121
2023,Constancio,Male,121
2023,Einar,Male,121
2023,Fredy,Male,121
2023,Khaled,Male,121
2023,David Andrei,Male,120
2023,Enol,Male,120
2023,Fortunato,Male,120
2023,Javier Alberto,Male,120
2023,Jorge Mario,Male,120
2023,Luis Jorge,Male,120
2023,Luis Pedro,Male,120
2023,Manuel Miguel,Male,120
2023,Nael,Male,120
2023,Alessio,Male,119
2023,Carlos Emilio,Male,119
2023,Cesar Alejandro,Male,119
2023,Isabelo,Male,119
2023,Iyad,Male,119
2023,Jaime María,Male,119
2023,Luis Alonso,Male,119
2023,Mohamad,Male,119
2023,Ousmane,Male,119
2023,Roberto Javier,Male,119
2023,Sergiy,Male,119
2023,Yong,Male,119
2023,Amar,Male,118
2023,Andrés Jesús,Male,118
2023,Antonio Alberto,Male,118
2023,Diego Alonso,Male,118
2023,Eduardo Gabriel,Male,118
2023,José Gerardo,Male,118
2023,José Nicolás,Male,118
2023,Oswaldo,Male,118
2023,Ramón María,Male,118
2023,Yordan,Male,118
2023,Zaid,Male,118
2023,Alejandro Daniel,Male,117
2023,Gustavo Enrique,Male,117
2023,Jaime Luis,Male,117
2023,Javier Ángel,Male,117
2023,Josué David,Male,117
2023,Adrián Alejandro,Male,116
2023,Antonio Juan,Male,116
2023,Carlos Guillermo,Male,116
2023,Emilio Jesús,Male,116
2023,Joaquín José,Male,116
2023,Joaquín Manuel,Male,116
2023,Jonathan José,Male,116
2023,José Augusto,Male,116
2023,Marouan,Male,116
2023,Martín Alejandro,Male,116
2023,Paulo Cesar,Male,116
2023,Andrzej,Male,115
2023,Bachir,Male,115
2023,David Alberto,Male,115
2023,Jorge Alexander,Male,115
2023,Maher,Male,115
2023,Orencio,Male,115
2023,Rafael Francisco,Male,115
2023,Yu,Male,115
2023,Apolonio,Male,114
2023,Diego Enrique,Male,114
2023,Francisco Juan,Male,114
2023,Hakim,Male,114
2023,Ignacio Antonio,Male,114
2023,José Elías,Male,114
2023,Santiago David,Male,114
2023,Abdón,Male,113
2023,Atanasio,Male,113
2023,Cesar Javier,Male,113
2023,Daniel Francisco,Male,113
2023,Diego Francisco,Male,113
2023,Fabián Andrés,Male,113
2023,Gabriel Eduardo,Male,113
2023,Ivaylo,Male,113
2023,Marko,Male,113
2023,Oscar Enrique,Male,113
2023,Valeriu,Male,113
2023,Victor Eduardo,Male,113
2023,Abdul,Male,112
2023,Carlos Raúl,Male,112
2023,Evan,Male,112
2023,Fernando David,Male,112
2023,Gerardo José,Male,112
2023,Guilherme,Male,112
2023,José Marcos,Male,112
2023,Marek,Male,112
2023,Misael,Male,112
2023,Nelu,Male,112
2023,Nicolás Alejandro,Male,112
2023,Silvio,Male,112
2023,Abdelkrim,Male,111
2023,Alejandro Enrique,Male,111
2023,Ángel Ignacio,Male,111
2023,Carlos Mauricio,Male,111
2023,Costica,Male,111
2023,Leocadio,Male,111
2023,Nuño,Male,111
2023,Oscar Alejandro,Male,111
2023,Servando,Male,111
2023,Alberto Luis,Male,110
2023,John Fredy,Male,110
2023,José Álvaro,Male,110
2023,Oscar Fernando,Male,110
2023,Toribio,Male,110
2023,Amadou,Male,109
2023,Andrés Alberto,Male,109
2023,Charles,Male,109
2023,Elvis,Male,109
2023,Gonzalo Javier,Male,109
2023,Jaime Manuel,Male,109
2023,Jonathan Javier,Male,109
2023,José Aurelio,Male,109
2023,Manuel Alfonso,Male,109
2023,Manuel David,Male,109
2023,Marco Aurelio,Male,109
2023,Nahuel,Male,109
2023,Cristian Alejandro,Male,108
2023,Jimmy,Male,108
2023,José Humberto,Male,108
2023,José Román,Male,108
2023,Joseba,Male,108
2023,Lucas Gabriel,Male,108
2023,Nicu,Male,108
2023,Pedro Alfonso,Male,108
2023,Victor David,Male,108
2023,Zakariae,Male,108
2023,Alfonso Manuel,Male,107
2023,Carlos Santiago,Male,107
2023,Cesar Andrés,Male,107
2023,Enrique Luis,Male,107
2023,Felipe José,Male,107
2023,Gastón,Male,107
2023,Giorgio,Male,107
2023,Ivo,Male,107
2023,Johan,Male,107
2023,José Mauricio,Male,107
2023,Luis Adrián,Male,107
2023,Luis Rodrigo,Male,107
2023,Manuel Emilio,Male,107
2023,Mostapha,Male,107
2023,Pablo David,Male,107
2023,Randy,Male,107
2023,Adriel,Male,106
2023,Cesar José,Male,106
2023,David Eduardo,Male,106
2023,Eduardo Miguel,Male,106
2023,Ernesto José,Male,106
2023,Fernando Alberto,Male,106
2023,Gabriel Andrés,Male,106
2023,Gheorghita,Male,106
2023,Jasón,Male,106
2023,José Israel,Male,106
2023,Osama,Male,106
2023,Ramsés,Male,106
2023,Ricardo Alberto,Male,106
2023,Unax,Male,106
2023,Wilmer,Male,106
2023,Xin,Male,106
2023,Álvaro Francisco,Male,105
2023,Andrés Antonio,Male,105
2023,Andrey,Male,105
2023,Anuar,Male,105
2023,Dylan Alexander,Male,105
2023,Javier Alexander,Male,105
2023,Javier Fernando,Male,105
2023,Julián Antonio,Male,105
2023,Julio Francisco,Male,105
2023,Marzouk,Male,105
2023,Pawel,Male,105
2023,Ricardo Daniel,Male,105
2023,Salman,Male,105
2023,Stelian,Male,105
2023,Traian,Male,105
2023,Alejandro Luis,Male,104
2023,Armando José,Male,104
2023,David Enrique,Male,104
2023,David Santiago,Male,104
2023,Jiahao,Male,104
2023,Joan Manuel,Male,104
2023,José Adolfo,Male,104
2023,Miroslav,Male,104
2023,Rodrigo José,Male,104
2023,Sergi,Male,104
2023,Tobías,Male,104
2023,Yuri,Male,104
2023,Alexander José,Male,103
2023,Antonio Pedro,Male,103
2023,Carlos Juan,Male,103
2023,Félix Ángel,Male,103
2023,Jian,Male,103
2023,Joan Sebastián,Male,103
2023,Kevin Alejandro,Male,103
2023,Maikel,Male,103
2023,Mihaita,Male,103
2023,Pablo Fernando,Male,103
2023,Todor,Male,103
2023,Adalberto,Male,102
2023,Alin,Male,102
2023,Antonio Alejandro,Male,102
2023,David Nicolás,Male,102
2023,Jenaro,Male,102
2023,José Rodrigo,Male,102
2023,José Salvador,Male,102
2023,Josep,Male,102
2023,Leonardo David,Male,102
2023,Manuel Santiago,Male,102
2023,Carlos Alexander,Male,101
2023,Fernando Carlos,Male,101
2023,Ilyass,Male,101
2023,Jorge Humberto,Male,101
2023,Kevin Daniel,Male,101
2023,Milton,Male,101
2023,Pedro Fernando,Male,101
2023,Raúl José,Male,101
2023,Victor Francisco,Male,101
2023,Adolfo José,Male,100
2023,Enrico,Male,100
2023,Eros,Male,100
2023,Félix Javier,Male,100
2023,Filippo,Male,100
2023,Iván Jesús,Male,100
2023,José Diego,Male,100
2023,Julio Javier,Male,100
2023,Octavian,Male,100
2023,Rafael Manuel,Male,100
2023,Atilano,Male,99
2023,Francisco Vicente,Male,99
2023,Gervasio,Male,99
2023,Larbi,Male,99
2023,Marcos Javier,Male,99
2023,Marcos José,Male,99
2023,Nicomedes,Male,99
2023,Abderrahmane,Male,98
2023,Anatoliy,Male,98
2023,Gabriel Enrique,Male,98
2023,Jalal,Male,98
2023,Juan Ricardo,Male,98
2023,Lei,Male,98
2023,Silviu,Male,98
2023,Grzegorz,Male,97
2023,Virgil,Male,97
2023,Ángel Pedro,Male,96
2023,Doménico,Male,96
2023,Fikri,Male,96
2023,Luis Aníbal,Male,96
2023,Pio,Male,96
2023,Rui,Male,96
2023,Simeón,Male,96
2023,Amable,Male,95
2023,Jhonny,Male,95
2023,Senén,Male,95
2023,Sotero,Male,95
2023,Eufemio,Male,94
2023,Florea,Male,94
2023,Gil,Male,94
2023,Juan Gregorio,Male,94
2023,Perfecto,Male,94
2023,Taoufik,Male,94
2023,Tudor,Male,94
2023,Eutiquio,Male,93
2023,Salah,Male,93
2023,Deogracias,Male,92
2023,Eustasio,Male,92
2023,Julio Miguel,Male,92
2023,Pierre,Male,92
2023,Antonio Alfonso,Male,91
2023,Aurelian,Male,91
2023,Florentín,Male,91
2023,Bin,Male,90
2023,Apolinar,Male,89
2023,Restituto,Male,89
2023,Eutimio,Male,88
2023,Rumen,Male,88
2023,Vasil,Male,88
2023,Alexandru Ionut,Male,87
2023,Borislav,Male,87
2023,Yang,Male,87
2023,Graciano,Male,85
2023,José German,Male,85
2023,Eufrasio,Male,84
2023,Tudorel,Male,84
2023,Ulpiano,Male,82
2023,Kiril,Male,81
2023,Paulo Jorge,Male,80
2023,Tiburcio,Male,80
2023,Casiano,Male,79
2023,Doru,Male,79
2023,Lucinio,Male,79
2023,Teodosio,Male,79
2023,Dragos,Male,77
2023,Maria,Male,77
2023,Rosario,Male,76
2023,Marcin,Male,75
2023,Policarpo,Male,74
2023,Toader,Male,74
2023,Veselin,Male,74
2023,Stoyan,Male,73
2023,Vasilica,Male,73
2023,Dariusz,Male,72
2023,Teodomiro,Male,72
2023,Sandu,Male,71
2023,Lukasz,Male,70
2023,Corneliu,Male,69
2023,Simion,Male,68
2023,Stanislaw,Male,68
2023,Atanas,Male,66
2023,Zbigniew,Male,66
2023,Mariusz,Male,65
2023,Jacek,Male,58
2023,Tiberiu,Male,56
2023,María Carmen,Female,83170
2023,María,Female,70488
2023,Carmen,Female,44112
2023,María Pilar,Female,43226
2023,Laura,Female,40506
2023,Cristina,Female,39538
2023,María Teresa,Female,38348
2023,Ana María,Female,37868
2023,Marta,Female,36361
2023,María Angeles,Female,36030
2023,Isabel,Female,32862
2023,Ana,Female,32668
2023,María Isabel,Female,31825
2023,Lucia,Female,31401
2023,Elena,Female,31086
2023,María Luisa,Female,30728
2023,Raquel,Female,29276
2023,María Dolores,Female,28350
2023,Sara,Female,27429
2023,Beatriz,Female,26879
2023,Pilar,Female,25857
2023,Paula,Female,22422
2023,Josefa,Female,22339
2023,Mercedes,Female,21533
2023,Patricia,Female,21231
2023,Concepción,Female,20397
2023,Francisca,Female,20337
2023,María Jesús,Female,19114
2023,María Jose,Female,19096
2023,Antonia,Female,18954
2023,Irene,Female,18877
2023,Rosa María,Female,18736
2023,Susana,Female,18619
2023,Alicia,Female,18411
2023,Julia,Female,17782
2023,Silvia,Female,17639
2023,Manuela,Female,17149
2023,Juana,Female,16547
2023,Mónica,Female,16445
2023,Ángela,Female,16390
2023,María Mar,Female,16188
2023,Dolores,Female,16179
2023,Teresa,Female,15591
2023,Rocío,Female,15452
2023,Natalia,Female,15154
2023,Sonia,Female,15121
2023,Sandra,Female,14764
2023,Yolanda,Female,14490
2023,Alba,Female,14456
2023,Andrea,Female,14091
2023,Nuria,Female,13902
2023,Paloma,Female,13847
2023,Ana Isabel,Female,13721
2023,Gemma,Female,13368
2023,Esther,Female,13347
2023,Margarita,Female,13329
2023,María Mercedes,Female,13280
2023,Carolina,Female,13174
2023,María Rosario,Female,13165
2023,Sofía,Female,12986
2023,Marina,Female,12969
2023,Rosario,Female,12726
2023,Eva,Female,12705
2023,Encarnación,Female,11858
2023,María Victoria,Female,11842
2023,María Elena,Female,11586
2023,Claudia,Female,11505
2023,Inés,Female,11198
2023,Rosa,Female,10851
2023,Noelia,Female,10624
2023,Victoria,Female,10497
2023,María Concepción,Female,10399
2023,Alejandra,Female,10303
2023,Verónica,Female,9712
2023,María Josefa,Female,9582
2023,Miriam,Female,9324
2023,María Soledad,Female,9210
2023,María Cristina,Female,9110
2023,Virginia,Female,8952
2023,Angeles,Female,8921
2023,María Antonia,Female,8916
2023,Eva María,Female,8860
2023,Almudena,Female,8837
2023,Daniela,Female,8818
2023,Consuelo,Female,8814
2023,Ana Belén,Female,8799
2023,Luisa,Female,8467
2023,Celia,Female,8417
2023,Lorena,Female,8383
2023,Emilia,Female,8362
2023,Milagros,Female,8038
2023,María Nieves,Female,7827
2023,María Rosa,Female,7478
2023,María Paz,Female,7389
2023,Olga,Female,7219
2023,Esperanza,Female,7212
2023,Aurora,Female,7191
2023,Blanca,Female,7083
2023,Carla,Female,7044
2023,Nerea,Female,6992
2023,Gloria,Female,6813
2023,Belén,Female,6721
2023,Amparo,Female,6677
2023,María Belén,Female,6672
2023,Montserrat,Female,6627
2023,Clara,Female,6591
2023,Adriana,Female,6523
2023,María Luz,Female,6438
2023,Lidia,Female,6418
2023,María Esther,Female,6378
2023,Inmaculada,Female,6326
2023,Begoña,Female,6297
2023,Vanesa,Female,6186
2023,Felisa,Female,6166
2023,Elisa,Female,6147
2023,Rebeca,Female,6053
2023,Soledad,Female,5940
2023,Ainhoa,Female,5928
2023,Fátima,Female,5835
2023,Purificación,Female,5807
2023,Diana,Female,5771
2023,María Cruz,Female,5708
2023,Juliana,Female,5707
2023,Matilde,Female,5597
2023,Tamara,Female,5580
2023,Adela,Female,5572
2023,Petra,Female,5299
2023,Araceli,Female,5142
2023,Carlota,Female,5072
2023,María Eugenia,Female,4937
2023,Ascensión,Female,4837
2023,Josefina,Female,4828
2023,Natividad,Female,4678
2023,Catalina,Female,4614
2023,Martina,Female,4521
2023,Lourdes,Female,4466
2023,Elvira,Female,4421
2023,María Lourdes,Female,4407
2023,Asunción,Female,4384
2023,Mariana,Female,4379
2023,Vicenta,Female,4347
2023,Gabriela,Female,4315
2023,Leticia,Female,4229
2023,Estefanía,Female,4209
2023,María Begoña,Female,4196
2023,María Asunción,Female,4118
2023,Amelia,Female,4072
2023,Magdalena,Female,3967
2023,Vanessa,Female,3834
2023,María Paloma,Female,3831
2023,Bárbara,Female,3807
2023,Aitana,Female,3795
2023,Valentina,Female,3788
2023,Nieves,Female,3766
2023,Jimena,Female,3759
2023,María Inmaculada,Female,3729
2023,Arantzazu,Female,3693
2023,Ruth,Female,3681
2023,Noemí,Female,3667
2023,Amalia,Female,3653
2023,Cecilia,Female,3617
2023,Guadalupe,Female,3582
2023,Agustina,Female,3579
2023,Valeria,Female,3486
2023,Alexandra,Female,3402
2023,Lara,Female,3346
2023,Tania,Female,3253
2023,Trinidad,Female,3243
2023,María Gemma,Female,3236
2023,Candela,Female,3228
2023,Gregoria,Female,3226
2023,María Rocío,Female,3141
2023,Eugenia,Female,3136
2023,Emma,Female,3076
2023,Estrella,Female,3052
2023,María Yolanda,Female,3049
2023,Leonor,Female,3019
2023,Sagrario,Female,2996
2023,Soraya,Female,2992
2023,María Magdalena,Female,2932
2023,Rafaela,Female,2899
2023,Remedios,Female,2852
2023,Elizabeth,Female,2847
2023,Adoración,Female,2827
2023,Ramona,Female,2803
2023,Jessica,Female,2774
2023,Rosalía,Female,2703
2023,Jennifer,Female,2682
2023,Joaquina,Female,2677
2023,María Amparo,Female,2660
2023,María Encarnación,Female,2623
2023,María Gloria,Female,2592
2023,Aroa,Female,2557
2023,María Consuelo,Female,2505
2023,María Francisca,Female,2483
2023,Florentina,Female,2463
2023,María Milagros,Female,2452
2023,Ariadna,Female,2449
2023,Helena,Female,2433
2023,Nadia,Female,2370
2023,Ainara,Female,2273
2023,Olivia,Female,2253
2023,Isabel María,Female,2246
2023,María Esperanza,Female,2224
2023,Tomasa,Female,2203
2023,Teodora,Female,2198
2023,Noa,Female,2191
2023,Lydia,Female,2188
2023,Aurelia,Female,2171
2023,Violeta,Female,2162
2023,María Sol,Female,2162
2023,Piedad,Female,2131
2023,Elsa,Female,2122
2023,María Sagrario,Female,2105
2023,Yaiza,Female,2099
2023,Macarena,Female,2087
2023,María Fernanda,Female,2085
2023,María Arantzazu,Female,2079
2023,Itziar,Female,2077
2023,Leire,Female,2050
2023,Erika,Female,2048
2023,Estela,Female,2030
2023,Azucena,Female,2025
2023,Leyre,Female,1997
2023,Sheila,Female,1990
2023,Amanda,Female,1986
2023,María Julia,Female,1966
2023,Ester,Female,1937
2023,Berta,Female,1931
2023,Mihaela,Female,1927
2023,África,Female,1879
2023,Benita,Female,1863
2023,María Reyes,Female,1860
2023,Tatiana,Female,1847
2023,Hortensia,Female,1787
2023,María Montserrat,Female,1763
2023,Eulalia,Female,1751
2023,Cándida,Female,1746
2023,Juana María,Female,1740
2023,Felipa,Female,1736
2023,Esmeralda,Female,1723
2023,Felicidad,Female,1713
2023,Marcelina,Female,1657
2023,Aida,Female,1630
2023,Nora,Female,1611
2023,Eloísa,Female,1597
2023,Amaya,Female,1589
2023,María Almudena,Female,1589
2023,Mirian,Female,1583
2023,Herminia,Female,1538
2023,Paola,Female,1523
2023,Luna,Female,1522
2023,Justa,Female,1508
2023,Florencia,Female,1487
2023,Gemma María,Female,1475
2023,María Guadalupe,Female,1470
2023,Paulina,Female,1469
2023,Enriqueta,Female,1466
2023,Naiara,Female,1462
2023,Carmen María,Female,1451
2023,Marta María,Female,1440
2023,María Ascensión,Female,1439
2023,María Inés,Female,1427
2023,María Blanca,Female,1425
2023,Liliana,Female,1419
2023,Fernanda,Female,1388
2023,Caridad,Female,1365
2023,María Remedios,Female,1364
2023,Lola,Female,1333
2023,Angélica,Female,1330
2023,Judith,Female,1329
2023,Elena María,Female,1316
2023,Lorenza,Female,1315
2023,Emiliana,Female,1315
2023,María Socorro,Female,1295
2023,María Estrella,Female,1281
2023,Visitación,Female,1246
2023,Alfonsa,Female,1243
2023,Iria,Female,1233
2023,Dionisia,Female,1229
2023,Saray,Female,1226
2023,Iris,Female,1226
2023,Águeda,Female,1225
2023,María Manuela,Female,1224
2023,María Trinidad,Female,1223
2023,Iciar,Female,1215
2023,Sonsoles,Female,1211
2023,Delia,Female,1199
2023,Anna,Female,1198
2023,María Juana,Female,1193
2023,María Purificación,Female,1184
2023,Adelaida,Female,1181
2023,Consolacion,Female,1176
2023,Marisol,Female,1175
2023,Vera,Female,1157
2023,Ana Cristina,Female,1146
2023,Flora,Female,1138
2023,Rufina,Female,1136
2023,María Aurora,Female,1132
2023,Rita,Female,1120
2023,Myriam,Female,1107
2023,Isidora,Female,1106
2023,Filomena,Female,1100
2023,Coral,Female,1089
2023,Desiree,Female,1078
2023,María Alejandra,Female,1073
2023,María Prado,Female,1073
2023,Jacinta,Female,1065
2023,Khadija,Female,1061
2023,Micaela,Female,1056
2023,Ángela María,Female,1055
2023,Débora,Female,1044
2023,María Olga,Female,1039
2023,Eusebia,Female,1039
2023,Ioana,Female,1033
2023,Nicoleta,Female,1033
2023,Salma,Female,1032
2023,María Azucena,Female,1030
2023,María Lucia,Female,1025
2023,Anastasia,Female,1021
2023,Ana Rosa,Female,1020
2023,Alba María,Female,1019
2023,María Natividad,Female,1018
2023,Inés María,Female,1017
2023,María Gracia,Female,1012
2023,Regina,Female,1012
2023,Laura María,Female,1011
2023,María Valle,Female,1008
2023,María Beatriz,Female,1001
2023,Mara,Female,994
2023,Mariam,Female,993
2023,Avelina,Female,987
2023,María Elisa,Female,979
2023,María Piedad,Female,973
2023,Zaira,Female,971
2023,Mariya,Female,971
2023,Luz María,Female,970
2023,Irina,Female,965
2023,Alma,Female,959
2023,Elia,Female,953
2023,Marcela,Female,950
2023,Faustina,Female,944
2023,Aurea,Female,940
2023,María Fátima,Female,936
2023,Elisabeth,Female,936
2023,Cayetana,Female,932
2023,Dominga,Female,927
2023,Saturnina,Female,922
2023,María Sonia,Female,919
2023,Covadonga,Female,911
2023,María Consolacion,Female,909
2023,Rosa Ana,Female,903
2023,Alina,Female,899
2023,Feliciana,Female,899
2023,Luisa María,Female,887
2023,Olga María,Female,883
2023,Samira,Female,879
2023,María Raquel,Female,877
2023,María Ángela,Female,876
2023,Brígida,Female,873
2023,Loreto,Female,872
2023,Cristina María,Female,867
2023,Sabina,Female,864
2023,Viorica,Female,864
2023,Aicha,Female,860
2023,Fabiola,Female,860
2023,Jenifer,Female,859
2023,Nayara,Female,858
2023,Genoveva,Female,858
2023,Simona,Female,857
2023,Naima,Female,853
2023,Vega,Female,853
2023,Modesta,Female,849
2023,Delfina,Female,842
2023,Patrocinio,Female,841
2023,Paz,Female,841
2023,Nicolasa,Female,836
2023,Victorina,Female,831
2023,Rodica,Female,831
2023,Amina,Female,828
2023,Mireya,Female,826
2023,Henar,Female,824
2023,Teresa Jesús,Female,821
2023,Clotilde,Female,818
2023,Jesusa,Female,818
2023,María Auxiliadora,Female,809
2023,Ignacia,Female,809
2023,Sara María,Female,808
2023,Georgeta,Female,795
2023,Mar,Female,790
2023,Iluminada,Female,789
2023,Palmira,Female,775
2023,Aya,Female,772
2023,María Fe,Female,770
2023,María Sonsoles,Female,764
2023,Mireia,Female,753
2023,Alexia,Female,742
2023,María Laura,Female,739
2023,María Araceli,Female,739
2023,Felicitas,Female,738
2023,Victoriana,Female,737
2023,María Alicia,Female,737
2023,Evangelina,Female,734
2023,Nazaret,Female,731
2023,Fermina,Female,724
2023,Nataliya,Female,721
2023,Maribel,Female,720
2023,Arantxa,Female,707
2023,Edurne,Female,705
2023,Joana,Female,704
2023,Socorro,Female,703
2023,Yasmina,Female,696
2023,Clara Isabel,Female,695
2023,Máxima,Female,693
2023,Oksana,Female,693
2023,Sacramento,Female,692
2023,Ionela,Female,690
2023,Obdulia,Female,689
2023,Azahara,Female,684
2023,Justina,Female,684
2023,Luisa Fernanda,Female,684
2023,Silvia María,Female,681
2023,María Cecilia,Female,681
2023,Saida,Female,680
2023,Yasmin,Female,675
2023,Inocencia,Female,674
2023,Judit,Female,673
2023,Luz Marina,Female,671
2023,María Susana,Female,670
2023,Mirela,Female,670
2023,Malika,Female,667
2023,Zoe,Female,667
2023,Casilda,Female,663
2023,Rosana,Female,662
2023,Ana Lucia,Female,662
2023,Iryna,Female,661
2023,Celestina,Female,660
2023,Clara María,Female,657
2023,Engracia,Female,656
2023,María Vicenta,Female,656
2023,Angelines,Female,653
2023,Camila,Female,653
2023,Laila,Female,653
2023,Sebastiana,Female,638
2023,Rachida,Female,637
2023,María Eva,Female,636
2023,Graciela,Female,635
2023,María Emilia,Female,635
2023,Bienvenida,Female,634
2023,Bibiana,Female,631
2023,Luciana,Female,629
2023,Julia María,Female,628
2023,Victoria Eugenia,Female,627
2023,Sarah,Female,623
2023,Lina,Female,623
2023,Nicole,Female,623
2023,Sonia María,Female,621
2023,Basilisa,Female,615
2023,María Gabriela,Female,613
2023,Diana María,Female,613
2023,María Elvira,Female,613
2023,María Margarita,Female,608
2023,Gloria María,Female,606
2023,Ainoa,Female,606
2023,María Candelas,Female,606
2023,Virtudes,Female,601
2023,Arancha,Female,600
2023,Lucila,Female,600
2023,Angelina,Female,599
2023,María Felisa,Female,599
2023,Luz,Female,596
2023,Blanca María,Female,594
2023,María Adela,Female,587
2023,Maite,Female,587
2023,Ileana,Female,586
2023,Fidela,Female,578
2023,Anabel,Female,576
2023,María Nuria,Female,576
2023,Carmela,Female,574
2023,Balbina,Female,574
2023,Úrsula,Female,573
2023,Isidra,Female,573
2023,Anunciación,Female,570
2023,Latifa,Female,569
2023,Florica,Female,568
2023,Roxana,Female,568
2023,Teófila,Female,568
2023,Carmen Rosa,Female,566
2023,Karima,Female,566
2023,María O,Female,562
2023,Paula María,Female,559
2023,Julieta,Female,558
2023,Santiaga,Female,557
2023,María Angélica,Female,554
2023,Reyes,Female,553
2023,Candelas,Female,552
2023,Susana María,Female,552
2023,Samara,Female,551
2023,María Angustias,Female,551
2023,María Henar,Female,550
2023,Érica,Female,547
2023,Fatiha,Female,545
2023,Amaia,Female,544
2023,Iuliana,Female,540
2023,María Paula,Female,539
2023,Abril,Female,538
2023,Inmaculada Concepción,Female,535
2023,Estibaliz,Female,535
2023,Martha,Female,534
2023,María Virginia,Female,531
2023,Otilia,Female,527
2023,Felicia,Female,527
2023,Mencía,Female,526
2023,Lenuta,Female,525
2023,María Celia,Female,525
2023,Yanira,Female,525
2023,Basilia,Female,524
2023,Bouchra,Female,522
2023,Maximina,Female,522
2023,Svitlana,Female,521
2023,Jacqueline,Female,521
2023,Guillermina,Female,519
2023,Presentación,Female,518
2023,Angelita,Female,518
2023,María Estela,Female,517
2023,Paula Andrea,Female,516
2023,Cynthia,Female,515
2023,Zohra,Female,514
2023,Primitiva,Female,511
2023,Dorotea,Female,508
2023,Camelia,Female,507
2023,María Camino,Female,507
2023,Antonia María,Female,507
2023,María Loreto,Female,505
2023,Minerva,Female,504
2023,Nancy,Female,503
2023,Benedicta,Female,500
2023,Isabella,Female,497
2023,Clementina,Female,497
2023,Dina,Female,496
2023,Jesica,Female,496
2023,Martha Cecilia,Female,496
2023,Tetyana,Female,494
2023,Rut,Female,494
2023,Segunda,Female,493
2023,Halyna,Female,493
2023,Eladia,Female,492
2023,Olena,Female,491
2023,Sarai,Female,491
2023,Fuensanta,Female,489
2023,Sandra María,Female,488
2023,Patricia María,Female,488
2023,María Lorena,Female,486
2023,María Desamparados,Female,486
2023,Cintia,Female,485
2023,Jara,Female,483
2023,Diana Carolina,Female,482
2023,María Visitación,Female,481
2023,Mariela,Female,480
2023,Iratxe,Female,479
2023,Lucrecia,Female,478
2023,Laia,Female,478
2023,María Eulalia,Female,476
2023,Gladys,Female,474
2023,Hilaria,Female,474
2023,María Ester,Female,474
2023,Nina,Female,474
2023,Valeriana,Female,473
2023,Ana Teresa,Female,472
2023,María Agustina,Female,472
2023,María Salud,Female,472
2023,Chloe,Female,470
2023,Ofelia,Female,470
2023,Prudencia,Female,469
2023,Bernarda,Female,466
2023,Dorina,Female,466
2023,Souad,Female,465
2023,Alicia María,Female,463
2023,María Amor,Female,463
2023,Olha,Female,463
2023,Ana Luisa,Female,462
2023,Cornelia,Female,461
2023,Angustias,Female,460
2023,Vasilica,Female,458
2023,Fátima Zohra,Female,458
2023,María Carolina,Female,456
2023,Flor María,Female,456
2023,Zaida,Female,455
2023,Hanane,Female,455
2023,María Covadonga,Female,454
2023,Santa,Female,452
2023,Amal,Female,451
2023,Evelyn,Female,451
2023,Libertad,Female,451
2023,Gracia,Female,448
2023,Salvadora,Female,448
2023,Rahma,Female,446
2023,Constanza,Female,446
2023,Claudia Patricia,Female,445
2023,Pamela,Female,442
2023,Crescencia,Female,441
2023,María Fuencisla,Female,440
2023,Florina,Female,440
2023,María Flor,Female,440
2023,Ana Beatriz,Female,439
2023,Rosa Isabel,Female,438
2023,Naia,Female,436
2023,Damaris,Female,435
2023,Malak,Female,435
2023,Hanan,Female,435
2023,Malena,Female,432
2023,Sandra Milena,Female,430
2023,Imán,Female,430
2023,OlimPía,Female,429
2023,María Petra,Female,424
2023,María Clara,Female,423
2023,Maya,Female,423
2023,Doina,Female,421
2023,Gisela,Female,420
2023,Karina,Female,416
2023,Ana Victoria,Female,415
2023,María Amelia,Female,414
2023,Fuencisla,Female,411
2023,Najat,Female,411
2023,Norma,Female,411
2023,Angélica María,Female,410
2023,Luminita,Female,410
2023,Bernardina,Female,410
2023,María Leonor,Female,409
2023,Rosa Elena,Female,408
2023,Irma,Female,407
2023,Beatriz María,Female,406
2023,Belinda,Female,405
2023,Marlene,Female,405
2023,Gertrudis,Female,404
2023,Hafida,Female,403
2023,Eufemia,Female,403
2023,Mina,Female,403
2023,María África,Female,396
2023,María Adoración,Female,395
2023,Deborah,Female,394
2023,Michelle,Female,393
2023,Oliva,Female,393
2023,Paola Andrea,Female,392
2023,Ariana,Female,392
2023,Serafina,Female,391
2023,Karen,Female,391
2023,Ana Patricia,Female,391
2023,Andrea María,Female,391
2023,Raquel María,Female,390
2023,Elisa María,Female,390
2023,Marioara,Female,389
2023,María Sandra,Female,389
2023,María Val,Female,388
2023,María Vanesa,Female,387
2023,Melania,Female,387
2023,Salome,Female,387
2023,Ikram,Female,387
2023,María Juliana,Female,386
2023,Ingrid,Female,385
2023,Julita,Female,383
2023,Livia,Female,381
2023,María Caridad,Female,380
2023,María Verónica,Female,379
2023,Anisoara,Female,378
2023,Casimira,Female,378
2023,Esther María,Female,378
2023,Miguela,Female,377
2023,Rosalina,Female,377
2023,Sandra Patricia,Female,376
2023,Marinela,Female,374
2023,Miryam,Female,374
2023,Olvido,Female,371
2023,Jana,Female,371
2023,Marian,Female,369
2023,Mónica María,Female,369
2023,Pascuala,Female,368
2023,Melissa,Female,368
2023,María Santos,Female,367
2023,Hajar,Female,367
2023,María Patricia,Female,366
2023,Antonina,Female,366
2023,Sabrina,Female,366
2023,Margarita María,Female,365
2023,María Alexandra,Female,365
2023,Ana Paula,Female,364
2023,Jamila,Female,363
2023,María Irene,Female,362
2023,Davinia,Female,362
2023,Narcisa,Female,360
2023,María Catalina,Female,359
2023,María Ana,Female,359
2023,Nelida,Female,359
2023,María Milagro,Female,358
2023,Olalla,Female,356
2023,Leila,Female,356
2023,María Esmeralda,Female,354
2023,Candelaria,Female,354
2023,Melisa,Female,353
2023,Sol,Female,353
2023,Martha Lucia,Female,352
2023,Maritza,Female,352
2023,Abigail,Female,352
2023,Nadiya,Female,351
2023,Eloina,Female,351
2023,Jerónima,Female,350
2023,Lucia María,Female,349
2023,Ana Pilar,Female,349
2023,Claudia María,Female,349
2023,Marta Isabel,Female,348
2023,Ada,Female,347
2023,Bianca,Female,346
2023,Sylvia,Female,345
2023,Bonifacia,Female,344
2023,Dulce María,Female,344
2023,Loubna,Female,344
2023,Cesárea,Female,343
2023,Salud,Female,343
2023,Sira,Female,342
2023,Flavia,Female,342
2023,Katherine,Female,342
2023,María Leticia,Female,340
2023,Lina María,Female,339
2023,María Coral,Female,339
2023,Alessandra,Female,339
2023,Brenda,Female,339
2023,Anais,Female,337
2023,Cipriana,Female,337
2023,Svetlana,Female,337
2023,Teresa María,Female,336
2023,Damiana,Female,336
2023,Eulogia,Female,335
2023,Priscila,Female,334
2023,Blasa,Female,334
2023,Katia,Female,334
2023,María Andrea,Female,332
2023,Marciana,Female,331
2023,Alejandra María,Female,330
2023,Apolonia,Female,330
2023,Floarea,Female,329
2023,Ana Mercedes,Female,328
2023,Constantina,Female,327
2023,Corina,Female,327
2023,María Elizabeth,Female,327
2023,Daniella,Female,327
2023,Florinda,Female,326
2023,Hanna,Female,325
2023,Penélope,Female,324
2023,Samantha,Female,324
2023,Demetria,Female,324
2023,Irene María,Female,324
2023,Ruth María,Female,323
2023,Naomi,Female,322
2023,Ernestina,Female,322
2023,María Emma,Female,322
2023,Milena,Female,321
2023,Fe,Female,319
2023,Siham,Female,319
2023,Ana Carmen,Female,319
2023,Heliodora,Female,319
2023,Marwa,Female,316
2023,María Salome,Female,316
2023,Triana,Female,316
2023,Gina,Female,313
2023,Altagracia,Female,313
2023,Stefania,Female,312
2023,Adriana María,Female,312
2023,Alma María,Female,312
2023,Celia María,Female,311
2023,Hayat,Female,310
2023,Lyudmyla,Female,310
2023,Melanie,Female,309
2023,Carmen Pilar,Female,308
2023,Catherine,Female,308
2023,Habiba,Female,305
2023,María Marta,Female,304
2023,Ana Carolina,Female,303
2023,Joanna,Female,303
2023,Lyubov,Female,301
2023,Georgiana,Female,300
2023,María Amalia,Female,298
2023,María Josefina,Female,297
2023,María Matilde,Female,297
2023,Eliana,Female,297
2023,María Anunciación,Female,296
2023,María Macarena,Female,296
2023,María Oliva,Female,295
2023,Leandra,Female,294
2023,María Soraya,Female,294
2023,Nuria María,Female,292
2023,Halima,Female,292
2023,Izaskun,Female,292
2023,Monika,Female,290
2023,Gadea,Female,290
2023,Hilda,Female,289
2023,Mariana Jesús,Female,289
2023,Mirella,Female,288
2023,Olaya,Female,288
2023,Raimunda,Female,288
2023,Alejandrina,Female,287
2023,María Carm,Female,287
2023,Isabel Cristina,Female,287
2023,Marisa,Female,287
2023,Sara Isabel,Female,287
2023,Thais,Female,287
2023,María Llanos,Female,286
2023,Niculina,Female,286
2023,Placida,Female,286
2023,Maravillas,Female,285
2023,Ricarda,Female,285
2023,Domitila,Female,285
2023,Georgina,Female,284
2023,Benigna,Female,284
2023,Blanca Rosa,Female,283
2023,Diana Marcela,Female,283
2023,Edelmira,Female,282
2023,Isabela,Female,280
2023,Aquilina,Female,280
2023,Elisabeta,Female,279
2023,Laura Isabel,Female,279
2023,Evelia,Female,278
2023,Luz Adriana,Female,278
2023,Nelly,Female,278
2023,Daria,Female,278
2023,Gala,Female,277
2023,Malgorzata,Female,276
2023,Argentina,Female,276
2023,Hipólita,Female,276
2023,María Transito,Female,275
2023,Blanca Nieves,Female,275
2023,María Sierra,Female,273
2023,María Camila,Female,273
2023,María Felicidad,Female,272
2023,María Helena,Female,272
2023,Nayra,Female,272
2023,Epifanía,Female,272
2023,Josefa María,Female,272
2023,Miranda,Female,272
2023,Pastora,Female,271
2023,Rania,Female,271
2023,Albina,Female,270
2023,Emérita,Female,270
2023,Guiomar,Female,270
2023,Elisa Isabel,Female,269
2023,Librada,Female,268
2023,Yuliya,Female,268
2023,Eduarda,Female,268
2023,Resurrección,Female,267
2023,Agapita,Female,267
2023,María Rita,Female,266
2023,Yessica,Female,266
2023,Imane,Female,266
2023,Lia,Female,265
2023,María Silvia,Female,263
2023,Mónica Patricia,Female,263
2023,Zahra,Female,263
2023,Carla María,Female,262
2023,Felicísima,Female,261
2023,Luz Divina,Female,261
2023,Rosaura,Female,260
2023,Fabiana,Female,260
2023,María Altagracia,Female,260
2023,María Celeste,Female,260
2023,Severina,Female,259
2023,Aziza,Female,258
2023,Natalia María,Female,258
2023,Renata,Female,257
2023,Ana Sofía,Female,256
2023,Custodia,Female,256
2023,Diana Patricia,Female,256
2023,Eleuteria,Female,255
2023,Galyna,Female,255
2023,Ágata,Female,255
2023,Clemencia,Female,254
2023,Nagore,Female,254
2023,Dominica,Female,252
2023,Edith,Female,250
2023,Karla,Female,250
2023,María Patrocinio,Female,249
2023,Fatna,Female,249
2023,Sanae,Female,249
2023,Silvana,Female,249
2023,Stephanie,Female,249
2023,Agnieszka,Female,249
2023,Galina,Female,248
2023,Petronila,Female,248
2023,Rocío Pilar,Female,248
2023,Amara,Female,247
2023,María Violeta,Female,247
2023,Mioara,Female,247
2023,AnaMaría,Female,246
2023,Constanta,Female,245
2023,Zahira,Female,245
2023,Ecaterina,Female,245
2023,María Ignacia,Female,245
2023,María Ramona,Female,244
2023,Desiré,Female,244
2023,Johanna,Female,243
2023,Stela,Female,243
2023,Yoana,Female,242
2023,Alexandra María,Female,242
2023,Celedonia,Female,242
2023,María Vega,Female,242
2023,Nabila,Female,241
2023,Amira,Female,241
2023,Antolina,Female,241
2023,Luzdivina,Female,240
2023,María Sofía,Female,240
2023,María Virtudes,Female,240
2023,Nahia,Female,239
2023,Saadia,Female,239
2023,Celsa,Female,238
2023,Cloe,Female,238
2023,Lidia María,Female,238
2023,María Eloísa,Female,235
2023,Maryam,Female,234
2023,Amada,Female,234
2023,Eduvigis,Female,234
2023,Ana Cecilia,Female,233
2023,Anna María,Female,233
2023,María Engracia,Female,233
2023,Zineb,Female,233
2023,Dafne,Female,233
2023,Beatriz Elena,Female,233
2023,Celina,Female,233
2023,Dana,Female,232
2023,Janet,Female,232
2023,María Vanessa,Female,232
2023,María Pino,Female,232
2023,Áurica,Female,231
2023,Gumersinda,Female,231
2023,María Olvido,Female,231
2023,Mayra,Female,231
2023,Rosalba,Female,231
2023,Elba,Female,231
2023,Felicita,Female,229
2023,Ceferina,Female,229
2023,Dora,Female,228
2023,Evarista,Female,228
2023,Francesca,Female,228
2023,María Florencia,Female,227
2023,Selene,Female,227
2023,Farida,Female,227
2023,Idoia,Female,227
2023,María Joaquina,Female,227
2023,María Montaña,Female,226
2023,María Puerto,Female,226
2023,Mayra Alejandra,Female,226
2023,Misericordia,Female,225
2023,Agripina,Female,225
2023,Doris,Female,224
2023,Dunia,Female,224
2023,Asmae,Female,223
2023,Chaimae,Female,223
2023,Hermelinda,Female,223
2023,Meriem,Female,223
2023,Rabia,Female,222
2023,Marianela,Female,222
2023,Rogelia,Female,222
2023,Anca,Female,222
2023,Loredana,Female,221
2023,María Enriqueta,Female,221
2023,Fátima Zahra,Female,221
2023,Houda,Female,221
2023,Jing,Female,220
2023,Rosa Elvira,Female,220
2023,Ximena,Female,220
2023,Helen,Female,220
2023,Ana Laura,Female,220
2023,Jenny,Female,219
2023,María Lidia,Female,219
2023,Sheyla,Female,218
2023,Leonarda,Female,218
2023,Madalina,Female,218
2023,Mia,Female,217
2023,Yolanda María,Female,216
2023,Gloria Patricia,Female,215
2023,Severiana,Female,215
2023,Ekaterina,Female,215
2023,Gloria Inés,Female,215
2023,Mariola,Female,214
2023,Yara,Female,214
2023,Gabina,Female,214
2023,Inocenta,Female,214
2023,Luz Stella,Female,214
2023,Adela María,Female,213
2023,Elsa María,Female,213
2023,Katarzyna,Female,213
2023,Olga Lucia,Female,213
2023,Valentyna,Female,212
2023,Ana Gabriela,Female,212
2023,Larisa,Female,212
2023,Cristina Isabel,Female,212
2023,Layla,Female,212
2023,Leoncia,Female,211
2023,Enedina,Female,211
2023,Fadoua,Female,211
2023,Laureana,Female,210
2023,Yousra,Female,210
2023,Etelvina,Female,210
2023,Jovita,Female,209
2023,Lilian,Female,209
2023,María Antonieta,Female,209
2023,María Claudia,Female,209
2023,Nemesia,Female,209
2023,Anselma,Female,209
2023,Higinia,Female,208
2023,Lilia,Female,208
2023,Luz Elena,Female,207
2023,Nathalie,Female,207
2023,Kaoutar,Female,207
2023,Lucica,Female,207
2023,Greta,Female,207
2023,Ana Margarita,Female,206
2023,Astrid,Female,206
2023,Carmen Elena,Female,205
2023,Dayana,Female,205
2023,María Milagrosa,Female,205
2023,Marta Elena,Female,204
2023,Samanta,Female,204
2023,Yan,Female,204
2023,Zulema,Female,204
2023,María Noelia,Female,203
2023,María Presentación,Female,203
2023,Jacoba,Female,202
2023,Lara María,Female,201
2023,Lorena María,Female,201
2023,Sandra Elizabeth,Female,201
2023,Viktoriya,Female,200
2023,Ying,Female,200
2023,Romana,Female,199
2023,Samia,Female,199
2023,Valerica,Female,199
2023,Paloma María,Female,198
2023,Dalia,Female,197
2023,Farah,Female,197
2023,Giovanna,Female,196
2023,Luz Dary,Female,196
2023,Benilde,Female,196
2023,Carina,Female,196
2023,Cinthia,Female,195
2023,Clara Eugenia,Female,195
2023,Romina,Female,195
2023,Silvina,Female,195
2023,Teodosia,Female,195
2023,Camino,Female,195
2023,Lina Marcela,Female,194
2023,Sanaa,Female,194
2023,Selena,Female,194
2023,Yesica,Female,194
2023,Alba Lucia,Female,194
2023,Aleksandra,Female,194
2023,María Hortensia,Female,194
2023,María Natalia,Female,194
2023,Zoraida,Female,193
2023,Aneta,Female,193
2023,Celeste,Female,193
2023,Fanny,Female,193
2023,Leocadia,Female,193
2023,Lourdes María,Female,192
2023,Mary,Female,192
2023,Maura,Female,191
2023,Elena Cristina,Female,191
2023,María Mónica,Female,191
2023,Elena Isabel,Female,190
2023,Ionica,Female,190
2023,Caroline,Female,190
2023,María Sara,Female,190
2023,Marieta,Female,190
2023,Vilma,Female,190
2023,Emily,Female,190
2023,Francisca María,Female,190
2023,María Cinta,Female,189
2023,Rebecca,Female,189
2023,Stella,Female,189
2023,Juanita,Female,189
2023,María Daniela,Female,189
2023,Noura,Female,188
2023,Rosario María,Female,188
2023,Alia,Female,188
2023,Ana Josefa,Female,187
2023,Chiara,Female,187
2023,Rosina,Female,187
2023,Victoria María,Female,186
2023,Alexandrina,Female,186
2023,Ana Julia,Female,186
2023,Cruz,Female,186
2023,Mary Luz,Female,185
2023,Teresita,Female,185
2023,Ariadne,Female,185
2023,Carolina María,Female,185
2023,Eustaquia,Female,185
2023,Hakima,Female,185
2023,Kristina,Female,185
2023,Maia,Female,185
2023,Ainhara,Female,185
2023,Aldara,Female,185
2023,Ana Dolores,Female,184
2023,Ivanka,Female,184
2023,Linda,Female,184
2023,María Pía,Female,183
2023,Ana Esther,Female,183
2023,Andrea Carolina,Female,182
2023,Escolástica,Female,182
2023,Juana Antonia,Female,182
2023,María Adelaida,Female,181
2023,Ivana,Female,180
2023,Ludivina,Female,180
2023,Marcia,Female,179
2023,María Fuensanta,Female,179
2023,Nour,Female,179
2023,Xiomara,Female,178
2023,Imelda,Female,178
2023,Liliya,Female,177
2023,Marilena,Female,177
2023,Naoual,Female,177
2023,Oleksandra,Female,177
2023,Paraschiva,Female,177
2023,Aurora María,Female,176
2023,Khaddouj,Female,176
2023,María Flora,Female,176
2023,María Graciela,Female,176
2023,Soumaya,Female,176
2023,Lucinda,Female,176
2023,Verónica María,Female,176
2023,Antia,Female,176
2023,Virginia María,Female,175
2023,Cirila,Female,174
2023,Clementa,Female,174
2023,Ilham,Female,174
2023,Lesya,Female,174
2023,Naira,Female,174
2023,Noelia María,Female,174
2023,Pilar María,Female,174
2023,Flor,Female,173
2023,María Delia,Female,173
2023,Maricica,Female,172
2023,Riansares,Female,172
2023,Blanca Esther,Female,172
2023,Joy,Female,172
2023,Kateryna,Female,171
2023,Mabel,Female,171
2023,Venancia,Female,171
2023,Vivian,Female,171
2023,Assia,Female,171
2023,Lili,Female,171
2023,Lua,Female,171
2023,Manal,Female,171
2023,Nela,Female,170
2023,Tamar,Female,170
2023,Eleonora,Female,170
2023,Guillerma,Female,170
2023,Inna,Female,170
2023,Iulia,Female,169
2023,Petronela,Female,169
2023,Rita María,Female,169
2023,Denise,Female,169
2023,Desislava,Female,169
2023,Dulce Nombre María,Female,168
2023,Hind,Female,168
2023,María Florentina,Female,168
2023,Sofía María,Female,168
2023,Arianna,Female,167
2023,Arsenia,Female,167
2023,Casandra,Female,166
2023,Juncal,Female,166
2023,Margareta,Female,166
2023,Rosmery,Female,166
2023,Ana Elena,Female,166
2023,Fulgencia,Female,166
2023,Manar,Female,165
2023,Soukaina,Female,165
2023,Geraldine,Female,165
2023,Hermenegilda,Female,165
2023,Virgilia,Female,165
2023,Yasmine,Female,165
2023,Ana Rocío,Female,165
2023,Genara,Female,165
2023,Johana,Female,164
2023,Lea,Female,163
2023,Marleny,Female,163
2023,Touria,Female,163
2023,Ana Milena,Female,163
2023,Ana Vanesa,Female,163
2023,Basma,Female,163
2023,Caterina,Female,162
2023,Diana Elizabeth,Female,162
2023,Hiba,Female,162
2023,Isolina,Female,162
2023,María Regina,Female,162
2023,Wilma,Female,161
2023,Zoila,Female,161
2023,Ainoha,Female,161
2023,Cristina Elena,Female,160
2023,Gloria Isabel,Female,160
2023,Lacramioara,Female,160
2023,Nathalia,Female,160
2023,Nicasia,Female,160
2023,María Coro,Female,159
2023,Yadira,Female,158
2023,Adina,Female,158
2023,Li,Female,158
2023,Nidia,Female,157
2023,Sophie,Female,157
2023,Asmaa,Female,157
2023,Carmen Rocío,Female,157
2023,Ewa,Female,157
2023,Fouzia,Female,157
2023,Laurentina,Female,157
2023,Leticia María,Female,157
2023,María Liliana,Female,156
2023,Urbana,Female,156
2023,América,Female,156
2023,Ashley,Female,156
2023,Patricia Isabel,Female,156
2023,Sophia,Female,155
2023,Alina María,Female,155
2023,Carola,Female,155
2023,Rocío Carmen,Female,155
2023,Vira,Female,155
2023,Yamina,Female,155
2023,Giulia,Female,155
2023,María Candelaria,Female,154
2023,María Gregoria,Female,154
2023,Marilyn,Female,154
2023,María Argentina,Female,154
2023,María Elsa,Female,154
2023,María Peña,Female,154
2023,María Sacramento,Female,154
2023,Naziha,Female,153
2023,Rosa Carmen,Female,153
2023,Mayte,Female,153
2023,Milagrosa,Female,153
2023,Saloua,Female,152
2023,Jaqueline,Female,152
2023,María Iciar,Female,151
2023,Alice,Female,151
2023,Bertha,Female,150
2023,Delia María,Female,150
2023,Irati,Female,150
2023,Laura Cristina,Female,150
2023,Pura,Female,150
2023,Tanya,Female,150
2023,Oana,Female,150
2023,Carmen Isabel,Female,150
2023,Carmen Luisa,Female,150
2023,Constancia,Female,150
2023,Hafsa,Female,150
2023,Larysa,Female,149
2023,María Benita,Female,149
2023,Yanet,Female,149
2023,Alberta,Female,149
2023,Ane,Female,149
2023,Antonella,Female,148
2023,Carmen Teresa,Female,148
2023,Dolores María,Female,148
2023,Elida,Female,148
2023,Elva,Female,148
2023,Elzbieta,Female,148
2023,Gabriela María,Female,147
2023,Germana,Female,147
2023,María Félix,Female,147
2023,Rosalinda,Female,147
2023,Thalía,Female,147
2023,Carlota María,Female,147
2023,Ivanna,Female,146
2023,Karolina,Female,146
2023,Mariia,Female,146
2023,Natacha,Female,146
2023,Tetiana,Female,146
2023,Yesenia,Female,146
2023,Andrea Cristina,Female,146
2023,Ganna,Female,145
2023,Leonides,Female,145
2023,Marta Beatriz,Female,145
2023,Mónica Alexandra,Female,145
2023,Quintina,Female,145
2023,Betty,Female,145
2023,Eunice,Female,144
2023,Jezabel,Female,144
2023,Porfiria,Female,144
2023,Zara,Female,144
2023,Ana Jesús,Female,144
2023,Jie,Female,144
2023,Krystyna,Female,143
2023,Lavinia,Female,143
2023,Narcisa Jesús,Female,143
2023,Alla,Female,142
2023,Amadora,Female,142
2023,Arantza,Female,142
2023,Bárbara María,Female,142
2023,Chantal,Female,142
2023,Seila,Female,142
2023,Belén María,Female,142
2023,Cecilia María,Female,141
2023,Lucretia,Female,141
2023,María Cabeza,Female,141
2023,María Valentina,Female,141
2023,Mauricia,Female,141
2023,Nataliia,Female,141
2023,Silviya,Female,141
2023,Susan,Female,141
2023,Anica,Female,141
2023,Práxedes,Female,141
2023,Silvia Patricia,Female,141
2023,Tania María,Female,141
2023,Fausta,Female,141
2023,Gheorghita,Female,141
2023,Iliana,Female,140
2023,Luz Mary,Female,140
2023,Petya,Female,140
2023,Anne,Female,140
2023,Cristobalina,Female,140
2023,Daniela Alejandra,Female,140
2023,Ligia,Female,140
2023,María Felipa,Female,139
2023,María Ruth,Female,139
2023,Naroa,Female,139
2023,Salima,Female,139
2023,Asma,Female,138
2023,Baldomera,Female,138
2023,Braulia,Female,137
2023,Lucia Carmen,Female,137
2023,María Encina,Female,137
2023,Melany,Female,137
2023,Norma Beatriz,Female,137
2023,Shirley,Female,137
2023,Aura,Female,137
2023,Federica,Female,137
2023,Sulamita,Female,137
2023,Adelia,Female,136
2023,Aniceta,Female,136
2023,Arminda,Female,136
2023,Christine,Female,136
2023,Claudina,Female,136
2023,Yulia,Female,136
2023,Zenaida,Female,136
2023,Denisa,Female,136
2023,Geta,Female,136
2023,Houria,Female,136
2023,Kawtar,Female,136
2023,Melina,Female,136
2023,Rosanna,Female,136
2023,Brigitte,Female,135
2023,Desideria,Female,135
2023,Emilia María,Female,135
2023,Fátima María,Female,135
2023,Gloria Elena,Female,135
2023,Lisa,Female,134
2023,Lucy,Female,134
2023,María Diana,Female,134
2023,Miguelina,Female,134
2023,Omaima,Female,133
2023,Agatha,Female,133
2023,Ana Gloria,Female,133
2023,Carmen Dolores,Female,133
2023,Isaura,Female,133
2023,Laura Elena,Female,133
2023,Liudmila,Female,133
2023,Meritxell,Female,132
2023,Raluca,Female,132
2023,Rosa Mercedes,Female,132
2023,Talía,Female,132
2023,Yurena,Female,132
2023,Clara Inés,Female,132
2023,Digna,Female,131
2023,Emanuela,Female,131
2023,María Nazaret,Female,131
2023,María Ofelia,Female,131
2023,Maricela,Female,131
2023,Rebeca María,Female,130
2023,Veronika,Female,130
2023,Wendy,Female,130
2023,Carmen Lucia,Female,130
2023,Dulce,Female,130
2023,Ibtissam,Female,130
2023,Janeth,Female,130
2023,Juana Isabel,Female,130
2023,María Juncal,Female,130
2023,Mariluz,Female,130
2023,Nazareth,Female,130
2023,Patricia Elizabeth,Female,130
2023,Anahi,Female,129
2023,Claudia Andrea,Female,129
2023,Elena Daniela,Female,129
2023,Irune,Female,129
2023,Josephine,Female,129
2023,María Cruces,Female,129
2023,Paula Cristina,Female,129
2023,Rosa Pilar,Female,129
2023,Sabela,Female,128
2023,Sanda,Female,128
2023,Yordanka,Female,128
2023,Adolfina,Female,128
2023,Alexandra Elizabeth,Female,128
2023,Gemma Isabel,Female,128
2023,Irena,Female,128
2023,Martha Isabel,Female,128
2023,Perla,Female,127
2023,Rhimou,Female,127
2023,Sandra Isabel,Female,127
2023,Aisha,Female,127
2023,Cristina Victoria,Female,127
2023,Dorinda,Female,126
2023,Dounia,Female,126
2023,Dulce Nombre,Female,126
2023,Ildefonsa,Female,126
2023,María Alba,Female,126
2023,María Aurelia,Female,126
2023,María Estefanía,Female,126
2023,María Resurrección,Female,126
2023,Meryem,Female,125
2023,Myrian,Female,125
2023,Verónica Alexandra,Female,125
2023,Aida María,Female,125
2023,Christina,Female,125
2023,Liliana María,Female,125
2023,Magali,Female,125
2023,Oumaima,Female,125
2023,Sabah,Female,125
2023,Safaa,Female,125
2023,Simone,Female,124
2023,Ventura,Female,124
2023,Zoulikha,Female,123
2023,Ambrosia,Female,123
2023,Ana Francisca,Female,123
2023,Berta María,Female,123
2023,Carmen Gloria,Female,123
2023,Esperanza Macarena,Female,123
2023,Laudelina,Female,123
2023,María Lara,Female,123
2023,María Remedio,Female,122
2023,Martha Elena,Female,122
2023,Melchora,Female,122
2023,Neli,Female,122
2023,Steluta,Female,122
2023,Alina Elena,Female,122
2023,Carmina,Female,122
2023,Idoya,Female,122
2023,Laura Patricia,Female,122
2023,María Evangelina,Female,122
2023,María Fabiola,Female,122
2023,Quiteria,Female,121
2023,Roberta,Female,121
2023,Sandra Liliana,Female,121
2023,Yi,Female,121
2023,Ana Elizabeth,Female,121
2023,Andrea Alexandra,Female,121
2023,Beata,Female,121
2023,Dorota,Female,121
2023,Josefa Antonia,Female,121
2023,Julie,Female,121
2023,Karin,Female,120
2023,María Carlota,Female,120
2023,María Noemí,Female,120
2023,María Señor,Female,120
2023,Nada,Female,120
2023,Alison,Female,120
2023,Beatrice,Female,120
2023,Douaa,Female,120
2023,Edita,Female,120
2023,Eufrasia,Female,120
2023,Griselda,Female,120
2023,Humildad,Female,120
2023,Irache,Female,120
2023,Ivonne,Female,120
2023,Jessica María,Female,119
2023,María Berta,Female,119
2023,Mercedes María,Female,119
2023,Mónica Elizabeth,Female,119
2023,Rosario Pilar,Female,119
2023,Bruna,Female,119
2023,Carmen Rosario,Female,119
2023,Dalila,Female,119
2023,Indira,Female,119
2023,Juana Francisca,Female,119
2023,Ludmila,Female,118
2023,María Estibaliz,Female,118
2023,María Jacinta,Female,118
2023,Marta Lucia,Female,118
2023,Rim,Female,118
2023,Rubí,Female,118
2023,Telma,Female,118
2023,Alegría,Female,118
2023,Clarisa,Female,118
2023,Claudia Milena,Female,117
2023,Eva Isabel,Female,117
2023,María Castillo,Female,117
2023,Marta Cristina,Female,117
2023,Nadya,Female,117
2023,Ovidia,Female,117
2023,Vanesa María,Female,117
2023,Carmen Julia,Female,116
2023,Emma María,Female,116
2023,Enma,Female,116
2023,Evelin,Female,116
2023,Gloria Elizabeth,Female,116
2023,María Rebeca,Female,116
2023,Norah,Female,116
2023,Valle,Female,116
2023,Vanessa María,Female,116
2023,Zunilda,Female,116
2023,Ana Gemma,Female,115
2023,Beatriz Eugenia,Female,115
2023,Bianca María,Female,115
2023,Carmen Patricia,Female,115
2023,Danae,Female,115
2023,Jazmín,Female,115
2023,Katya,Female,115
2023,Luz Amparo,Female,115
2023,María Herminia,Female,114
2023,Melani,Female,114
2023,Melinda,Female,114
2023,Mounia,Female,114
2023,Nadine,Female,114
2023,Nilda,Female,114
2023,Noah,Female,114
2023,Anastasiya,Female,114
2023,Hasna,Female,114
2023,Julia Isabel,Female,114
2023,Natasha,Female,113
2023,Zakia,Female,113
2023,Diana Milena,Female,113
2023,Haydee,Female,113
2023,Jackeline,Female,113
2023,Kiara,Female,113
2023,Magaly,Female,113
2023,Nereida,Female,113
2023,Patricia Carmen,Female,112
2023,Radia,Female,112
2023,Soumia,Female,112
2023,Analia,Female,112
2023,Catalina María,Female,112
2023,Cora,Female,112
2023,Eva Cristina,Female,112
2023,Gloria Esperanza,Female,112
2023,Lena,Female,112
2023,Luz Mery,Female,112
2023,María Lucila,Female,111
2023,Mariem,Female,111
2023,Aline,Female,111
2023,Idaira,Female,111
2023,Liubov,Female,111
2023,Magnolia,Female,111
2023,Nekane,Female,111
2023,Daniela María,Female,111
2023,Hanae,Female,111
2023,Inas,Female,111
2023,Liliana Patricia,Female,110
2023,María Micaela,Female,110
2023,Mary Carmen,Female,110
2023,Sefora,Female,110
2023,Sonia Elizabeth,Female,110
2023,Valerie,Female,110
2023,Xinyi,Female,110
2023,Charlotte,Female,110
2023,Claudia Lorena,Female,110
2023,Claudia Marcela,Female,110
2023,María Gladys,Female,110
2023,Marta Pilar,Female,110
2023,Rosa Margarita,Female,110
2023,Sherezade,Female,109
2023,Blanca Isabel,Female,109
2023,Carmen Belén,Female,109
2023,Diana Alexandra,Female,109
2023,Gracia María,Female,109
2023,Helena María,Female,109
2023,Laura Beatriz,Female,109
2023,Loida,Female,109
2023,Patricia Alexandra,Female,109
2023,Ahlam,Female,109
2023,Gloria Amparo,Female,109
2023,Hasnae,Female,108
2023,Jingjing,Female,108
2023,Katerina,Female,108
2023,Maricel,Female,108
2023,Xiaoyan,Female,108
2023,Ana Luz,Female,108
2023,Andrea Elena,Female,108
2023,Ilona,Female,108
2023,Kenia,Female,108
2023,Maryna,Female,108
2023,Nelia,Female,108
2023,Rachel,Female,108
2023,Wiam,Female,108
2023,Andrea Estefanía,Female,108
2023,Ania,Female,108
2023,Dania,Female,107
2023,Khrystyna,Female,107
2023,Lucia Isabel,Female,107
2023,María Teresa Jesusa,Female,107
2023,Patricia Elena,Female,107
2023,Wei,Female,107
2023,Alessia,Female,107
2023,Ana Raquel,Female,107
2023,Carmen Alicia,Female,107
2023,Carmen Victoria,Female,107
2023,Maitane,Female,107
2023,Majda,Female,107
2023,Miren,Female,107
2023,Vania,Female,107
2023,Chaimaa,Female,107
2023,Eliane,Female,107
2023,Martha Liliana,Female,107
2023,Melody,Female,106
2023,Mouna,Female,106
2023,Noor,Female,106
2023,Yuliana,Female,106
2023,Estela María,Female,106
2023,Gabriella,Female,106
2023,Luana,Female,106
2023,María Paulina,Female,106
2023,Ouafae,Female,106
2023,Rosa Luz,Female,106
2023,Sharon,Female,106
2023,Fatma,Female,106
2023,Iara,Female,106
2023,Maider,Female,106
2023,Margot,Female,106
2023,Myroslava,Female,106
2023,Anabella,Female,106
2023,Andrea Gabriela,Female,106
2023,Atenea,Female,106
2023,Giselle,Female,106
2023,Iziar,Female,105
2023,Kira,Female,105
2023,Shaila,Female,105
2023,Andrea Isabel,Female,105
2023,Anissa,Female,105
2023,Carmen Cecilia,Female,105
2023,Diana Isabel,Female,105
2023,Ghizlane,Female,104
2023,Grace,Female,104
2023,Sandra Lorena,Female,104
2023,Selma,Female,104
2023,Ana Karina,Female,104
2023,Ángela Patricia,Female,104
2023,Hong,Female,104
2023,Natalia Andrea,Female,104
2023,Ana Elisa,Female,104
2023,Aroha,Female,104
2023,Asia,Female,104
2023,Deyanira,Female,104
2023,Kelly,Female,104
2023,Lin,Female,104
2023,Mónica Andrea,Female,104
2023,Gabriela Alejandra,Female,104
2023,Polina,Female,103
2023,Rosa Amelia,Female,103
2023,Rosa Angélica,Female,103
2023,Safae,Female,103
2023,Serena,Female,103
2023,Tingting,Female,103
2023,Andreina,Female,103
2023,Bella,Female,103
2023,Andrea Elizabeth,Female,103
2023,Ayla,Female,103
2023,Jessica Paola,Female,103
2023,Laura Sofía,Female,103
2023,Nihad,Female,102
2023,Yamila,Female,102
2023,Ahinara,Female,102
2023,Hannah,Female,102
2023,Jade,Female,102
2023,Laura Victoria,Female,102
2023,Matilda,Female,102
2023,Nahiara,Female,102
2023,Yana,Female,102
2023,Adriana Carolina,Female,102
2023,Adriana Patricia,Female,102
2023,Ariane,Female,102
2023,Nataly,Female,102
2023,Amy,Female,102
2023,Duna,Female,102
2023,María Jimena,Female,102
2023,Natalie,Female,101
2023,Yaneth,Female,101
2023,Zainab,Female,101
2023,Claudia Alejandra,Female,101
2023,Kimberly,Female,101
2023,Laura Andrea,Female,101
2023,Liana,Female,101
2023,Jiayi,Female,101
2023,Marianna,Female,101
2023,Xin,Female,101
2023,Leyla,Female,101
2023,Nadiia,Female,101
2023,Yamile,Female,101
2023,Yenifer,Female,100
2023,Hana,Female,100
2023,Hui,Female,100
2023,Pía,Female,100
2023,Safia,Female,100
2023,Uxue,Female,100
2023,Yue,Female,100
2023,Avril,Female,100
2023,Sofía Isabel,Female,100
2023,Yamileth,Female,100
2023,Youssra,Female,100
2023,Yu,Female,100
2023,Estefany,Female,100
2023,Isabel Teresa,Female,99
2023,Laura Alejandra,Female,99
2023,Mafalda,Female,99
2023,Patricia Alejandra,Female,99
2023,Paula Alejandra,Female,99
2023,Victoria Isabel,Female,99
2023,Erika María,Female,98
2023,Liudmyla,Female,98
2023,Nicol,Female,98
2023,Fiorella,Female,98
2023,Gabriela Alexandra,Female,98
2023,Enara,Female,98
2023,Jasmin,Female,98
2023,Viktoria,Female,97
2023,Alba Luz,Female,97
2023,Eider,Female,97
2023,Fátima Zahrae,Female,97
2023,Nino,Female,97
2023,Patricia Carolina,Female,97
2023,Maialen,Female,97
2023,Danna,Female,96
2023,Kenza,Female,96
2023,Oriana,Female,96
2023,Laura Daniela,Female,96
2023,Adara,Female,95
2023,Amelie,Female,95
2023,Douae,Female,95
2023,Leidy Johana,Female,95
2023,Marisela,Female,95
2023,Carlotta,Female,95
2023,Laura Carolina,Female,95
2023,Uxia,Female,95
2023,Génesis,Female,95
2023,Diana Paola,Female,94
2023,María Eduarda,Female,94
2023,Arwa,Female,94
2023,Eire,Female,94
2023,Leidy Johanna,Female,94
2023,Sofía Alejandra,Female,94
2023,Karla Patricia,Female,92
2023,Israa,Female,92
2023,Laura Camila,Female,92
2023,Laura Valentina,Female,92
2023,Andrea Alejandra,Female,91
2023,Laura Marcela,Female,91
2023,Andrea Valentina,Female,90
2023,Sofía Elena,Female,90
2023,Ginebra,Female,90
2023,Leah,Female,90
2023,Andrea Paola,Female,90
2023,Viktoriia,Female,90
2023,Jannat,Female,90
2023,June,Female,89
2023,Maira Alejandra,Female,89
2023,Megan,Female,87
2023,Noha,Female,87
2023,India,Female,86
2023,Mila,Female,85
2023,Nara,Female,85
2023,Alaia,Female,84
2023,Alana,Female,83
2023,Sofía Victoria,Female,83
2023,Arabia,Female,81
2023,Camila Andrea,Female,81
2023,Leia,Female,81
2023,Valeria Alejandra,Female,80
2023,Tasnim,Female,79
2023,Valery,Female,79
2023,Anastasiia,Female,79
2023,Keyla,Female,79
2023,Daniela Carolina,Female,78
2023,Hidaya,Female,78
2023,Vanessa Carolina,Female,77
2023,Sofía Valentina,Female,76
2023,Indara,Female,75
2023,Nayla,Female,73
2023,Yuliia,Female,73
2023,Aria,Female,73
2023,Sofiia,Female,73
2023,Mariangel,Female,68
2023,Arya,Female,66
